﻿Country Name,Country Code,Series Name,Series Code,2016 [YR2016],2017 [YR2017],2018 [YR2018],2019 [YR2019],2020 [YR2020]
Afghanistan,AFG,GDP per capita (current US$),NY.GDP.PCAP.CD,547.228110150363,556.30200240406,524.162880925404,502.115486913067,..
Albania,ALB,GDP per capita (current US$),NY.GDP.PCAP.CD,4124.05572595352,4531.02080555986,5284.38018438156,5352.85741103671,..
Algeria,DZA,GDP per capita (current US$),NY.GDP.PCAP.CD,3946.44397689835,4044.27660039876,4114.71506136896,3948.34327892571,..
American Samoa,ASM,GDP per capita (current US$),NY.GDP.PCAP.CD,11696.9555623329,10823.4448040273,11466.6907058505,..,..
Andorra,AND,GDP per capita (current US$),NY.GDP.PCAP.CD,37474.6654057245,38962.8803536703,41793.0552583729,40886.3911648431,..
Angola,AGO,GDP per capita (current US$),NY.GDP.PCAP.CD,3506.07288506966,4095.81294155857,3289.64666408633,2973.59115979868,..
Antigua and Barbuda,ATG,GDP per capita (current US$),NY.GDP.PCAP.CD,15197.6174551735,15383.4151884998,16726.9808079479,17790.309306815,..
Argentina,ARG,GDP per capita (current US$),NY.GDP.PCAP.CD,12790.2424732447,14591.8633810541,11683.9496216363,10006.1489736082,..
Armenia,ARM,GDP per capita (current US$),NY.GDP.PCAP.CD,3591.82927553023,3914.5012684128,4220.49027671249,4622.73349328671,..
Aruba,ABW,GDP per capita (current US$),NY.GDP.PCAP.CD,28281.35048163,29007.6930034887,..,..,..
Australia,AUS,GDP per capita (current US$),NY.GDP.PCAP.CD,49971.131456129,54066.4712686117,57395.9194663167,54907.1019101424,..
Austria,AUT,GDP per capita (current US$),NY.GDP.PCAP.CD,45237.8050921543,47549.0790402349,51525.0464342791,50277.2750874213,..
Azerbaijan,AZE,GDP per capita (current US$),NY.GDP.PCAP.CD,3880.73873089556,4147.08971569171,4739.84171028393,4793.58701966989,..
"Bahamas, The",BHS,GDP per capita (current US$),NY.GDP.PCAP.CD,31588.8349989813,31827.2426989661,32217.871590084,32933.4860147581,..
Bahrain,BHR,GDP per capita (current US$),NY.GDP.PCAP.CD,22619.1166718849,23709.430467983,23991.05667694,23503.977126673,..
Bangladesh,BGD,GDP per capita (current US$),NY.GDP.PCAP.CD,1401.62046644588,1563.91385693051,1698.35039428122,1855.73982408046,..
Barbados,BRB,GDP per capita (current US$),NY.GDP.PCAP.CD,16900.166552366,17391.4258663397,17745.1934649963,18148.2449264001,..
Belarus,BLR,GDP per capita (current US$),NY.GDP.PCAP.CD,5022.62664330491,5761.74712023007,6330.0752464187,6663.29529282582,..
Belgium,BEL,GDP per capita (current US$),NY.GDP.PCAP.CD,41998.335750239,44288.5080403124,47491.3232594693,46116.69923368,..
Belize,BLZ,GDP per capita (current US$),NY.GDP.PCAP.CD,4818.40390879479,4887.5772083381,4884.7341615523,4815.1637107951,..
Benin,BEN,GDP per capita (current US$),NY.GDP.PCAP.CD,1087.28783152256,1136.59284704681,1240.82946441954,1219.43267185875,..
Bermuda,BMU,GDP per capita (current US$),NY.GDP.PCAP.CD,..,..,..,..,..
Bhutan,BTN,GDP per capita (current US$),NY.GDP.PCAP.CD,2930.56298891838,3286.57470287488,3243.23112593497,..,..
Bolivia,BOL,GDP per capita (current US$),NY.GDP.PCAP.CD,3076.6589493424,3351.12403975607,3548.59015254032,3552.0687621416,..
Bosnia and Herzegovina,BIH,GDP per capita (current US$),NY.GDP.PCAP.CD,4994.68314045091,5394.59122017677,6072.18099160639,6073.26520283208,..
Botswana,BWA,GDP per capita (current US$),NY.GDP.PCAP.CD,7243.85299726842,7893.21010771116,8279.60136473398,7961.33814014048,..
Brazil,BRA,GDP per capita (current US$),NY.GDP.PCAP.CD,8710.09668954121,9925.38623770041,9001.23424863499,8717.18627810819,..
British Virgin Islands,VGB,GDP per capita (current US$),NY.GDP.PCAP.CD,..,..,..,..,..
Brunei Darussalam,BRN,GDP per capita (current US$),NY.GDP.PCAP.CD,27157.8234104784,28572.1467776509,31628.3287914349,31086.7510792939,..
Bulgaria,BGR,GDP per capita (current US$),NY.GDP.PCAP.CD,7545.79033249799,8331.0580246026,9423.5586115666,9737.60135083347,..
Burkina Faso,BFA,GDP per capita (current US$),NY.GDP.PCAP.CD,687.670174974205,738.274158940081,820.160793810547,774.8396902346,..
Burundi,BDI,GDP per capita (current US$),NY.GDP.PCAP.CD,282.193130404814,292.997630684415,271.752044376648,261.247472515742,..
Cabo Verde,CPV,GDP per capita (current US$),NY.GDP.PCAP.CD,3130.96338461412,3292.6457550859,3617.32748829173,3603.7817936777,..
Cambodia,KHM,GDP per capita (current US$),NY.GDP.PCAP.CD,1269.59125737542,1385.2599796333,1512.12670972847,1643.12138876475,..
Cameroon,CMR,GDP per capita (current US$),NY.GDP.PCAP.CD,1364.33011041997,1425.10781805334,1534.49127445052,1497.90917560296,..
Canada,CAN,GDP per capita (current US$),NY.GDP.PCAP.CD,42322.4847803038,45148.5527061655,46313.1713712961,46194.7252255167,..
Cayman Islands,CYM,GDP per capita (current US$),NY.GDP.PCAP.CD,78296.0999272332,81124.5134794821,85477.2870130687,..,..
Central African Republic,CAF,GDP per capita (current US$),NY.GDP.PCAP.CD,402.191290596004,450.900244979058,475.953609871945,467.907440636335,..
Chad,TCD,GDP per capita (current US$),NY.GDP.PCAP.CD,693.449386475774,665.94835269506,726.149881109447,709.540310138533,..
Channel Islands,CHI,GDP per capita (current US$),NY.GDP.PCAP.CD,..,..,..,..,..
Chile,CHL,GDP per capita (current US$),NY.GDP.PCAP.CD,13753.5944374598,14999.3700885512,15924.7942393064,14896.4538665789,..
China,CHN,GDP per capita (current US$),NY.GDP.PCAP.CD,8147.9381477822,8879.43814888506,9976.67682180773,10261.6791283744,..
Colombia,COL,GDP per capita (current US$),NY.GDP.PCAP.CD,5871.2235753589,6377.85136303665,6718.58532391314,6432.38758339551,..
Comoros,COM,GDP per capita (current US$),NY.GDP.PCAP.CD,1273.05895265459,1323.81158996501,1415.95531263535,1393.52237156461,..
"Congo, Dem. Rep.",COD,GDP per capita (current US$),NY.GDP.PCAP.CD,471.318840409572,467.07423746489,557.064418324276,545.216212311342,..
"Congo, Rep.",COG,GDP per capita (current US$),NY.GDP.PCAP.CD,1815.29584294039,1767.89452055028,2223.85447919587,2011.07239887663,..
Costa Rica,CRI,GDP per capita (current US$),NY.GDP.PCAP.CD,11666.4559107759,11814.6265687665,12112.1344206452,12238.3749643984,..
Cote d'Ivoire,CIV,GDP per capita (current US$),NY.GDP.PCAP.CD,2013.38246179891,2111.02707557541,2302.61295091153,2286.162776855,..
Croatia,HRV,GDP per capita (current US$),NY.GDP.PCAP.CD,12360.4838164919,13412.3382902297,14920.1913831924,14853.2398374635,..
Cuba,CUB,GDP per capita (current US$),NY.GDP.PCAP.CD,8060.79588647979,8541.2106734664,8821.81889125004,..,..
Curacao,CUW,GDP per capita (current US$),NY.GDP.PCAP.CD,19555.3658492891,19457.5315232205,19573.892645136,..,..
Cyprus,CYP,GDP per capita (current US$),NY.GDP.PCAP.CD,24532.5190588269,26338.6943443136,28689.7067225792,27858.3709958327,..
Czech Republic,CZE,GDP per capita (current US$),NY.GDP.PCAP.CD,18463.3865756564,20379.8960396417,23046.9491261402,23101.7777049854,..
Denmark,DNK,GDP per capita (current US$),NY.GDP.PCAP.CD,54663.9983719195,57141.0598350414,61390.6930097009,59822.0929608968,..
Djibouti,DJI,GDP per capita (current US$),NY.GDP.PCAP.CD,2802.19705115707,2914.38385631251,3141.88921873893,3408.84625440838,..
Dominica,DMA,GDP per capita (current US$),NY.GDP.PCAP.CD,8080.96862341186,7274.72133332918,7691.34509727878,8300.37507427213,..
Dominican Republic,DOM,GDP per capita (current US$),NY.GDP.PCAP.CD,7280.88010922762,7609.33879943715,8050.63044027449,8282.1162218645,..
Ecuador,ECU,GDP per capita (current US$),NY.GDP.PCAP.CD,6060.09332904415,6213.50127649921,6295.93539868079,6183.82382482173,..
"Egypt, Arab Rep.",EGY,GDP per capita (current US$),NY.GDP.PCAP.CD,3525.02016450058,2440.51017311107,2549.13225178609,3020.03134971543,..
El Salvador,SLV,GDP per capita (current US$),NY.GDP.PCAP.CD,3805.99366628473,3910.25719295906,4067.65944881154,4187.2500311069,..
Equatorial Guinea,GNQ,GDP per capita (current US$),NY.GDP.PCAP.CD,9250.33195308226,9667.91225173046,10144.1958108456,8131.92388810912,..
Eritrea,ERI,GDP per capita (current US$),NY.GDP.PCAP.CD,..,..,..,..,..
Estonia,EST,GDP per capita (current US$),NY.GDP.PCAP.CD,18237.2958432683,20388.2095530338,23258.4675814303,23659.8722900339,..
Eswatini,SWZ,GDP per capita (current US$),NY.GDP.PCAP.CD,3447.695698505,3953.08896824132,4145.97411002514,3837.02699384472,..
Ethiopia,ETH,GDP per capita (current US$),NY.GDP.PCAP.CD,717.124592933285,768.522307579386,771.523813864476,857.501351042922,..
Faroe Islands,FRO,GDP per capita (current US$),NY.GDP.PCAP.CD,55822.9147203438,58622.840815806,..,..,..
Fiji,FJI,GDP per capita (current US$),NY.GDP.PCAP.CD,5651.31806630066,6101.03084255946,6266.96795881419,6220.04642089247,..
Finland,FIN,GDP per capita (current US$),NY.GDP.PCAP.CD,43784.2839622098,46316.7454588326,50021.2910567702,48685.8539866945,..
France,FRA,GDP per capita (current US$),NY.GDP.PCAP.CD,37037.3741861219,38812.1610341682,41631.0907389044,40493.9285720456,..
French Polynesia,PYF,GDP per capita (current US$),NY.GDP.PCAP.CD,..,..,..,..,..
Gabon,GAB,GDP per capita (current US$),NY.GDP.PCAP.CD,6984.45101873395,7230.39639268426,7956.62781558686,7667.36686126914,..
"Gambia, The",GMB,GDP per capita (current US$),NY.GDP.PCAP.CD,683.997653898689,676.655924552125,712.512371079256,751.294688388742,..
Georgia,GEO,GDP per capita (current US$),NY.GDP.PCAP.CD,4062.16988757379,4357.00093554628,4722.78778321766,4769.18654326351,..
Germany,DEU,GDP per capita (current US$),NY.GDP.PCAP.CD,42098.9204453545,44349.5896552757,47639.0034407122,46258.8782897052,..
Ghana,GHA,GDP per capita (current US$),NY.GDP.PCAP.CD,1931.38947036943,2025.93242386751,2202.31216442504,2202.11556738065,..
Gibraltar,GIB,GDP per capita (current US$),NY.GDP.PCAP.CD,..,..,..,..,..
Greece,GRC,GDP per capita (current US$),NY.GDP.PCAP.CD,18116.4596223336,18930.2185856433,20324.3050137875,19582.5360108329,..
Greenland,GRL,GDP per capita (current US$),NY.GDP.PCAP.CD,48181.874188064,50321.3687543442,54470.9563864255,..,..
Grenada,GRD,GDP per capita (current US$),NY.GDP.PCAP.CD,9628.34748662013,10152.8328118872,10485.9071571796,10965.5131592044,..
Guam,GUM,GDP per capita (current US$),NY.GDP.PCAP.CD,35562.8379083283,35615.8046274371,35712.5621350321,..,..
Guatemala,GTM,GDP per capita (current US$),NY.GDP.PCAP.CD,4173.30166619474,4451.45098990197,4472.89236269013,4619.98709708493,..
Guinea,GIN,GDP per capita (current US$),NY.GDP.PCAP.CD,732.96657072192,856.565269750468,983.309492239346,1064.13123736656,..
Guinea-Bissau,GNB,GDP per capita (current US$),NY.GDP.PCAP.CD,661.007654906181,736.725566231783,777.969921786711,697.784402885715,..
Guyana,GUY,GDP per capita (current US$),NY.GDP.PCAP.CD,4542.62206666493,4586.05457171312,4979.00218839886,5468.35662903592,..
Haiti,HTI,GDP per capita (current US$),NY.GDP.PCAP.CD,735.301770321704,765.727294324274,868.342024762787,754.58791774842,..
Honduras,HND,GDP per capita (current US$),NY.GDP.PCAP.CD,2342.58465119568,2453.72789597457,2505.7767518956,2574.91219067443,..
"Hong Kong SAR, China",HKG,GDP per capita (current US$),NY.GDP.PCAP.CD,43731.1068245299,46165.8565115953,48542.887332961,48755.8350791287,..
Hungary,HUN,GDP per capita (current US$),NY.GDP.PCAP.CD,12992.375667515,14457.608763614,16150.7727613725,16475.7418389402,..
Iceland,ISL,GDP per capita (current US$),NY.GDP.PCAP.CD,61466.8039666276,71310.9392535086,72968.7042306678,66944.8255080349,..
India,IND,GDP per capita (current US$),NY.GDP.PCAP.CD,1732.56426178428,1981.6510498992,2005.86300452403,2104.14590003333,..
Indonesia,IDN,GDP per capita (current US$),NY.GDP.PCAP.CD,3562.84575641971,3837.65173121117,3893.84642475571,4135.56926281554,..
"Iran, Islamic Rep.",IRN,GDP per capita (current US$),NY.GDP.PCAP.CD,5253.42484259991,5520.31078932382,..,..,..
Iraq,IRQ,GDP per capita (current US$),NY.GDP.PCAP.CD,4776.72649939331,5205.28825481998,5834.16621076139,5955.10901036816,..
Ireland,IRL,GDP per capita (current US$),NY.GDP.PCAP.CD,63197.0823744196,69822.3471789095,78621.2279552716,78660.9564629603,..
Isle of Man,IMN,GDP per capita (current US$),NY.GDP.PCAP.CD,79155.541672096,80989.1722114502,..,..,..
Israel,ISR,GDP per capita (current US$),NY.GDP.PCAP.CD,37321.6240366845,40541.8620907084,41719.7254417057,43641.3977358108,..
Italy,ITA,GDP per capita (current US$),NY.GDP.PCAP.CD,30939.7142462298,32406.7203150134,34520.085162403,33189.5657988542,..
Jamaica,JAM,GDP per capita (current US$),NY.GDP.PCAP.CD,4843.33847410864,5069.18383810726,5354.2368587703,5582.26377755211,..
Japan,JPN,GDP per capita (current US$),NY.GDP.PCAP.CD,38761.8181501925,38386.5111457057,39159.4235633952,40246.8801284164,..
Jordan,JOR,GDP per capita (current US$),NY.GDP.PCAP.CD,4103.73359991068,4162.82068657256,4241.78878213854,4330.32934593257,..
Kazakhstan,KAZ,GDP per capita (current US$),NY.GDP.PCAP.CD,7714.84184376024,9247.58133129626,9812.60140498928,9731.14520688729,..
Kenya,KEN,GDP per capita (current US$),NY.GDP.PCAP.CD,1410.52756809011,1572.33549593781,1707.98680529003,1816.5469164389,..
Kiribati,KIR,GDP per capita (current US$),NY.GDP.PCAP.CD,1584.80744578963,1640.50010436018,1698.25628626739,1655.07883905984,..
"Korea, Dem. People’s Rep.",PRK,GDP per capita (current US$),NY.GDP.PCAP.CD,..,..,..,..,..
"Korea, Rep.",KOR,GDP per capita (current US$),NY.GDP.PCAP.CD,29288.8704389833,31616.8434004683,33340.265151682,31761.9776923447,..
Kosovo,XKX,GDP per capita (current US$),NY.GDP.PCAP.CD,3780.00368867233,4045.61420880757,4419.91432698449,4417.50993975428,..
Kuwait,KWT,GDP per capita (current US$),NY.GDP.PCAP.CD,27653.0667677649,29759.4364865575,33994.3819171507,32031.9801025988,..
Kyrgyz Republic,KGZ,GDP per capita (current US$),NY.GDP.PCAP.CD,1120.66651300848,1242.76964282023,1308.14016549619,1309.39299165512,..
Lao PDR,LAO,GDP per capita (current US$),NY.GDP.PCAP.CD,2308.80048220079,2423.8462031921,2542.4865281792,2534.89827724281,..
Latvia,LVA,GDP per capita (current US$),NY.GDP.PCAP.CD,14153.4149226916,15586.58189392,17805.2803143817,17836.3648865958,..
Lebanon,LBN,GDP per capita (current US$),NY.GDP.PCAP.CD,7629.89111711952,7801.17865807555,8024.80327081387,7784.31685692976,..
Lesotho,LSO,GDP per capita (current US$),NY.GDP.PCAP.CD,1043.56979182005,1150.07917252047,1221.88376312516,1157.53516433147,..
Liberia,LBR,GDP per capita (current US$),NY.GDP.PCAP.CD,714.623392230031,698.70176435511,677.322178545364,621.892953622715,..
Libya,LBY,GDP per capita (current US$),NY.GDP.PCAP.CD,4035.1943155047,5756.69844996569,7877.12225061884,7683.75061122959,..
Liechtenstein,LIE,GDP per capita (current US$),NY.GDP.PCAP.CD,165629.190482925,173356.051288416,..,..,..
Lithuania,LTU,GDP per capita (current US$),NY.GDP.PCAP.CD,14999.4796391329,16882.6394711995,19080.6173717553,19455.4541266341,..
Luxembourg,LUX,GDP per capita (current US$),NY.GDP.PCAP.CD,104278.390971905,107627.151006695,116654.26106674,114704.594170863,..
"Macao SAR, China",MAC,GDP per capita (current US$),NY.GDP.PCAP.CD,74061.0860345658,81516.6749248075,87208.535912643,84096.3963112065,..
Madagascar,MDG,GDP per capita (current US$),NY.GDP.PCAP.CD,475.955417183065,515.29272487784,527.501326141803,522.21980923047,..
Malawi,MWI,GDP per capita (current US$),NY.GDP.PCAP.CD,315.777326372575,356.717573153369,381.258987601084,411.552340423602,..
Malaysia,MYS,GDP per capita (current US$),NY.GDP.PCAP.CD,9817.74086096214,10254.2340242588,11373.2330025676,11414.8376618668,..
Maldives,MDV,GDP per capita (current US$),NY.GDP.PCAP.CD,9209.28862477108,9540.63434888323,10330.615614094,10790.50023682,..
Mali,MLI,GDP per capita (current US$),NY.GDP.PCAP.CD,780.387870004561,830.557408816505,900.110164506815,890.737285506382,..
Malta,MLT,GDP per capita (current US$),NY.GDP.PCAP.CD,25133.0456471795,27239.0701049375,30133.4661748731,29416.2306070084,..
Marshall Islands,MHL,GDP per capita (current US$),NY.GDP.PCAP.CD,3473.77500649519,3666.69537359193,3788.16359372058,..,..
Mauritania,MRT,GDP per capita (current US$),NY.GDP.PCAP.CD,1536.85414964338,1578.11417355949,1600.87646860561,1677.91925268633,..
Mauritius,MUS,GDP per capita (current US$),NY.GDP.PCAP.CD,9681.61856689674,10484.9083620411,11208.2273695738,11203.5405848607,..
Mexico,MEX,GDP per capita (current US$),NY.GDP.PCAP.CD,8739.75604280929,9278.41816833763,9673.44367360619,9863.0726988757,..
"Micronesia, Fed. Sts.",FSM,GDP per capita (current US$),NY.GDP.PCAP.CD,3014.70035839042,3289.70114571277,3568.291015625,..,..
Moldova,MDA,GDP per capita (current US$),NY.GDP.PCAP.CD,2880.43928129296,3509.69345025814,4233.99955588135,4498.52085021233,..
Monaco,MCO,GDP per capita (current US$),NY.GDP.PCAP.CD,170028.655717864,167517.059727856,185829.017960407,..,..
Mongolia,MNG,GDP per capita (current US$),NY.GDP.PCAP.CD,3660.15074616061,3669.4175403988,4134.98719823511,4295.23502487944,..
Montenegro,MNE,GDP per capita (current US$),NY.GDP.PCAP.CD,7033.60489868635,7803.41113682269,8850.09273291116,8832.03683598629,..
Morocco,MAR,GDP per capita (current US$),NY.GDP.PCAP.CD,2896.72000268117,3036.32525487301,3222.20063433213,3204.09500313298,..
Mozambique,MOZ,GDP per capita (current US$),NY.GDP.PCAP.CD,428.926487995524,461.415094120589,498.957220208652,491.804723063735,..
Myanmar,MMR,GDP per capita (current US$),NY.GDP.PCAP.CD,1266.54633814868,1291.54241301307,1418.17762347196,1407.81314341043,..
Namibia,NAM,GDP per capita (current US$),NY.GDP.PCAP.CD,4523.09126977999,5303.30913333229,5495.42883582824,4957.4580058497,..
Nauru,NRU,GDP per capita (current US$),NY.GDP.PCAP.CD,7670.11640425255,8510.86840824456,9762.38930182711,9396.98196681072,..
Nepal,NPL,GDP per capita (current US$),NY.GDP.PCAP.CD,777.147595512165,911.444266521258,1038.65164702443,1071.05076056552,..
Netherlands,NLD,GDP per capita (current US$),NY.GDP.PCAP.CD,46007.8529206547,48675.2223350213,53048.0962104394,52447.8314391911,..
New Caledonia,NCL,GDP per capita (current US$),NY.GDP.PCAP.CD,..,..,..,..,..
New Zealand,NZL,GDP per capita (current US$),NY.GDP.PCAP.CD,40105.6133867135,42849.426324701,42949.9305849512,42084.3533748088,..
Nicaragua,NIC,GDP per capita (current US$),NY.GDP.PCAP.CD,2107.56717992428,2159.16307935984,2020.54702818624,1912.90374537869,..
Niger,NER,GDP per capita (current US$),NY.GDP.PCAP.CD,494.718713458115,516.888247180949,571.526992228733,554.600968697425,..
Nigeria,NGA,GDP per capita (current US$),NY.GDP.PCAP.CD,2175.99967021858,1968.55958830544,2032.72970882575,2229.85869624463,..
North Macedonia,MKD,GDP per capita (current US$),NY.GDP.PCAP.CD,5129.15896023703,5430.87421029797,6062.94260420864,6093.14769049676,..
Northern Mariana Islands,MNP,GDP per capita (current US$),NY.GDP.PCAP.CD,22246.7430768136,28305.222587603,23258.6758552794,..,..
Norway,NOR,GDP per capita (current US$),NY.GDP.PCAP.CD,70459.1825041029,75496.7540581998,81734.4655736102,75419.6348688089,..
Oman,OMN,GDP per capita (current US$),NY.GDP.PCAP.CD,14618.8753761098,15130.9437443942,16414.8880173692,15474.0324753635,..
Pakistan,PAK,GDP per capita (current US$),NY.GDP.PCAP.CD,1368.45432627629,1464.99330546855,1482.30566684338,1284.70204090039,..
Palau,PLW,GDP per capita (current US$),NY.GDP.PCAP.CD,16932.3328631876,16078.2681940701,15859.4348578768,..,..
Panama,PAN,GDP per capita (current US$),NY.GDP.PCAP.CD,14343.9636291397,15150.345612161,15592.573678922,15731.0160348471,..
Papua New Guinea,PNG,GDP per capita (current US$),NY.GDP.PCAP.CD,2509.6314572831,2695.2518833116,2720.3852453824,2845.18018574842,..
Paraguay,PRY,GDP per capita (current US$),NY.GDP.PCAP.CD,5319.41021789703,5680.58076826353,5805.67561638869,5414.79913793258,..
Peru,PER,GDP per capita (current US$),NY.GDP.PCAP.CD,6204.99726003927,6710.50802896038,6941.23584763012,6977.69578355382,..
Philippines,PHL,GDP per capita (current US$),NY.GDP.PCAP.CD,3073.65361496958,3123.23422944951,3252.09232412664,3485.08421836621,..
Poland,POL,GDP per capita (current US$),NY.GDP.PCAP.CD,12431.8158916231,13861.3093648235,15460.6442805468,15595.2270334259,..
Portugal,PRT,GDP per capita (current US$),NY.GDP.PCAP.CD,19978.401214968,21490.429863104,23461.5718628115,23145.0408172828,..
Puerto Rico,PRI,GDP per capita (current US$),NY.GDP.PCAP.CD,30627.1634017011,31108.7527508912,31621.8934700005,32873.7192730424,..
Qatar,QAT,GDP per capita (current US$),NY.GDP.PCAP.CD,57163.0609918357,61264.3964777979,68793.7844372614,64781.7331974169,..
Romania,ROU,GDP per capita (current US$),NY.GDP.PCAP.CD,9567.12934484744,10807.7953907179,12408.5964891293,12919.5296441908,..
Russian Federation,RUS,GDP per capita (current US$),NY.GDP.PCAP.CD,8704.89841329594,10720.3325853448,11370.8134559314,11584.9953826104,..
Rwanda,RWA,GDP per capita (current US$),NY.GDP.PCAP.CD,748.504418148739,772.318471775428,782.618140904879,801.656186978807,..
Samoa,WSM,GDP per capita (current US$),NY.GDP.PCAP.CD,4109.16513496372,4258.48626965259,4183.40803207908,4315.92067469565,..
San Marino,SMR,GDP per capita (current US$),NY.GDP.PCAP.CD,43842.3855205602,45394.2010273704,48481.0133042107,..,..
Sao Tome and Principe,STP,GDP per capita (current US$),NY.GDP.PCAP.CD,1710.13089783903,1811.0128258881,2001.1369778051,1994.90646719089,..
Saudi Arabia,SAU,GDP per capita (current US$),NY.GDP.PCAP.CD,19879.2975304177,20803.7425657324,23338.9634581127,23139.7986561214,..
Senegal,SEN,GDP per capita (current US$),NY.GDP.PCAP.CD,1269.90210810516,1361.69958778497,1465.59100640191,1446.83096499408,..
Serbia,SRB,GDP per capita (current US$),NY.GDP.PCAP.CD,5756.38119351044,6284.19280376523,7246.19198607054,7402.35455862041,..
Seychelles,SYC,GDP per capita (current US$),NY.GDP.PCAP.CD,15068.620324642,15906.0839204787,16390.824875738,17401.7215135612,..
Sierra Leone,SLE,GDP per capita (current US$),NY.GDP.PCAP.CD,501.415712857832,499.38070781976,533.991184258936,504.46254336648,..
Singapore,SGP,GDP per capita (current US$),NY.GDP.PCAP.CD,56828.2953471601,60913.745333494,66188.7793961798,65233.2824392302,..
Sint Maarten (Dutch part),SXM,GDP per capita (current US$),NY.GDP.PCAP.CD,..,..,..,..,..
Slovak Republic,SVK,GDP per capita (current US$),NY.GDP.PCAP.CD,16505.9750465561,17554.3083210444,19428.1162135733,19329.0968007902,..
Slovenia,SVN,GDP per capita (current US$),NY.GDP.PCAP.CD,21622.580683576,23500.7522308704,26054.5421049784,25739.2478143246,..
Solomon Islands,SLB,GDP per capita (current US$),NY.GDP.PCAP.CD,1986.41623627442,2059.04542370076,2137.69070046201,2127.53850760272,..
Somalia,SOM,GDP per capita (current US$),NY.GDP.PCAP.CD,..,..,..,..,..
South Africa,ZAF,GDP per capita (current US$),NY.GDP.PCAP.CD,5272.91842475419,6132.4798409721,6374.02819575944,6001.40081394888,..
South Sudan,SSD,GDP per capita (current US$),NY.GDP.PCAP.CD,..,..,..,..,..
Spain,ESP,GDP per capita (current US$),NY.GDP.PCAP.CD,26505.3432155204,28170.4345659807,30337.6791331632,29613.6711379783,..
Sri Lanka,LKA,GDP per capita (current US$),NY.GDP.PCAP.CD,3886.29150165239,4077.04372120747,4080.56712469552,3853.08369288942,..
St. Kitts and Nevis,KNA,GDP per capita (current US$),NY.GDP.PCAP.CD,18811.8733745852,19155.2894041125,19275.2772604415,19896.4957043824,..
St. Lucia,LCA,GDP per capita (current US$),NY.GDP.PCAP.CD,10361.8141037985,11047.4449858109,11357.8890096382,11611.4154473966,..
St. Martin (French part),MAF,GDP per capita (current US$),NY.GDP.PCAP.CD,..,..,..,..,..
St. Vincent and the Grenadines,VCT,GDP per capita (current US$),NY.GDP.PCAP.CD,7075.06582034944,7212.96018080962,7361.4009618002,7463.53783093423,..
Sudan,SDN,GDP per capita (current US$),NY.GDP.PCAP.CD,1299.26119456743,1111.86844893858,623.867252394076,441.505603374484,..
Suriname,SUR,GDP per capita (current US$),NY.GDP.PCAP.CD,5539.06887190094,5626.79581590317,6003.723065571,6854.90656148409,..
Sweden,SWE,GDP per capita (current US$),NY.GDP.PCAP.CD,51965.1571531985,53791.5087298403,54589.0603860606,51610.0660552202,..
Switzerland,CHE,GDP per capita (current US$),NY.GDP.PCAP.CD,80172.2320747951,80449.9945608366,82818.1081617471,81993.7271494202,..
Syrian Arab Republic,SYR,GDP per capita (current US$),NY.GDP.PCAP.CD,..,..,..,..,..
Tajikistan,TJK,GDP per capita (current US$),NY.GDP.PCAP.CD,802.518004052824,806.041573098044,826.621530538704,870.787589323223,..
Tanzania,TZA,GDP per capita (current US$),NY.GDP.PCAP.CD,966.474622354379,1004.84112066441,1060.99461489421,1122.12181047515,..
Thailand,THA,GDP per capita (current US$),NY.GDP.PCAP.CD,5994.23147547156,6592.91490169864,7295.47561612095,7808.19291629949,..
Timor-Leste,TLS,GDP per capita (current US$),NY.GDP.PCAP.CD,1358.20169150129,1294.71553448905,1237.10268208254,1294.18893388776,..
Togo,TGO,GDP per capita (current US$),NY.GDP.PCAP.CD,597.471088804109,626.09152789111,678.95563806112,675.542213340634,..
Tonga,TON,GDP per capita (current US$),NY.GDP.PCAP.CD,3966.15652021899,4217.47650679527,4364.0155613495,..,..
Trinidad and Tobago,TTO,GDP per capita (current US$),NY.GDP.PCAP.CD,16176.9473700573,16238.1931916674,17129.9130902577,17276.4654468225,..
Tunisia,TUN,GDP per capita (current US$),NY.GDP.PCAP.CD,3697.93083126064,3481.22873876516,3438.78908914627,3317.54101348345,..
Turkey,TUR,GDP per capita (current US$),NY.GDP.PCAP.CD,10820.6338422108,10513.6484324378,9370.1763549731,9042.49298288882,..
Turkmenistan,TKM,GDP per capita (current US$),NY.GDP.PCAP.CD,6389.54840833488,6587.09031628698,6966.63541063077,..,..
Turks and Caicos Islands,TCA,GDP per capita (current US$),NY.GDP.PCAP.CD,25995.1724609535,25933.6074363465,27142.2277976902,..,..
Tuvalu,TUV,GDP per capita (current US$),NY.GDP.PCAP.CD,3255.92869342584,3572.49357894833,3700.74426252192,4059.02999569444,..
Uganda,UGA,GDP per capita (current US$),NY.GDP.PCAP.CD,730.625040496247,747.196907377979,767.097759575903,776.768575885308,..
Ukraine,UKR,GDP per capita (current US$),NY.GDP.PCAP.CD,2187.73050991433,2640.67567655839,3096.81740221352,3659.03131229487,..
United Arab Emirates,ARE,GDP per capita (current US$),NY.GDP.PCAP.CD,38141.8467585492,40644.804043392,43839.3563491413,43103.3230583165,..
United Kingdom,GBR,GDP per capita (current US$),NY.GDP.PCAP.CD,41064.1334316223,40361.4173832159,43043.2278164551,42300.267125825,..
United States,USA,GDP per capita (current US$),NY.GDP.PCAP.CD,57927.5168515062,59957.7258513032,62840.0202387954,65118.3583328163,..
Uruguay,URY,GDP per capita (current US$),NY.GDP.PCAP.CD,15387.1440299446,17322.1473891166,17277.9701101852,16190.1269572827,..
Uzbekistan,UZB,GDP per capita (current US$),NY.GDP.PCAP.CD,2567.79920656883,1826.56691924216,1529.08286351335,1724.8411344137,..
Vanuatu,VUT,GDP per capita (current US$),NY.GDP.PCAP.CD,2889.85303623403,3082.35632289041,3095.70215584493,3058.0656752208,..
"Venezuela, RB",VEN,GDP per capita (current US$),NY.GDP.PCAP.CD,..,..,..,..,..
Vietnam,VNM,GDP per capita (current US$),NY.GDP.PCAP.CD,2192.21453866566,2365.62166567374,2566.59694958511,2715.27603640721,..
Virgin Islands (U.S.),VIR,GDP per capita (current US$),NY.GDP.PCAP.CD,35931.5412519766,35938.0243875154,..,..,..
West Bank and Gaza,PSE,GDP per capita (current US$),NY.GDP.PCAP.CD,3074.29115236515,3254.48588658763,3198.86664447405,..,..
"Yemen, Rep.",YEM,GDP per capita (current US$),NY.GDP.PCAP.CD,1033.73304347934,882.395758510966,968.159047582999,..,..
Zambia,ZMB,GDP per capita (current US$),NY.GDP.PCAP.CD,1280.57889834732,1534.86537052245,1556.33448154128,1291.34335737364,..
Zimbabwe,ZWE,GDP per capita (current US$),NY.GDP.PCAP.CD,1464.58352903946,1548.17005572552,1683.74057709465,1463.98591018054,..
,,,,,,,,
,,,,,,,,
,,,,,,,,
Data from database: World Development Indicators,,,,,,,,
Last Updated: 10/15/2020,,,,,,,,
