﻿Country Name,Country Code,Series Name,Series Code,2016 [YR2016],2017 [YR2017],2018 [YR2018],2019 [YR2019],2020 [YR2020]
Afghanistan,AFG,GNI (current US$),NY.GNP.MKTP.CD,19542192284.4022,20440077447.7005,19675118802.7382,19402296819.4301,..
Albania,ALB,GNI (current US$),NY.GNP.MKTP.CD,12054338166.2203,13053733602.8547,15129831617.421,15121602482.6401,..
Algeria,DZA,GNI (current US$),NY.GNP.MKTP.CD,158460789716.3,164797434361.511,169357952824.25,165788236398.126,..
American Samoa,ASM,GNI (current US$),NY.GNP.MKTP.CD,..,..,..,..,..
Andorra,AND,GNI (current US$),NY.GNP.MKTP.CD,..,..,..,..,..
Angola,AGO,GNI (current US$),NY.GNP.MKTP.CD,95850167792.3992,114618206700.981,93523683283.3905,87198922324.8465,..
Antigua and Barbuda,ATG,GNI (current US$),NY.GNP.MKTP.CD,1328013000,1400094962.96296,1527958592.59259,1628059115.20154,..
Argentina,ARG,GNI (current US$),NY.GNP.MKTP.CD,545339165474.109,626314971713.549,501244284911.906,432302320236.189,..
Armenia,ARM,GNI (current US$),NY.GNP.MKTP.CD,10791285342.4912,11934826619.5224,12619103076.2882,13900785318.4474,..
Aruba,ABW,GNI (current US$),NY.GNP.MKTP.CD,2830726256.98324,2885753966.48045,..,..,..
Australia,AUS,GNI (current US$),NY.GNP.MKTP.CD,1180243849177.46,1293973150312.99,1389127199441.9,1346628522385.92,..
Austria,AUT,GNI (current US$),NY.GNP.MKTP.CD,395197917596.426,414599430947.412,454258049345.96,445912333221.176,..
Azerbaijan,AZE,GNI (current US$),NY.GNP.MKTP.CD,35395431534.7496,39106056123.6347,44653352058.8235,45986633058.8235,..
"Bahamas, The",BHS,GNI (current US$),NY.GNP.MKTP.CD,11498482400,11789714600,11742247200,12307737755.0877,..
Bahrain,BHR,GNI (current US$),NY.GNP.MKTP.CD,30454654255.3191,33433989361.7021,35576436170.2128,36313430851.0638,..
Bangladesh,BGD,GNI (current US$),NY.GNP.MKTP.CD,234168452310.22,260441176346.573,286536059742.333,316907374622.297,..
Barbados,BRB,GNI (current US$),NY.GNP.MKTP.CD,4608564150,4754253200,4856103100,5030074650,..
Belarus,BLR,GNI (current US$),NY.GNP.MKTP.CD,45508099165.6614,52644634114.7855,57886015606.596,61171322162.7307,..
Belgium,BEL,GNI (current US$),NY.GNP.MKTP.CD,480571701881.761,509690005072.472,546514451842.745,531413654224.313,..
Belize,BLZ,GNI (current US$),NY.GNP.MKTP.CD,1666548950,1681173400,1690260100,1707061950,..
Benin,BEN,GNI (current US$),NY.GNP.MKTP.CD,11718307251.9058,12561418821.1382,14105967001.3224,14247234408.6248,..
Bermuda,BMU,GNI (current US$),NY.GNP.MKTP.CD,..,..,..,..,..
Bhutan,BTN,GNI (current US$),NY.GNP.MKTP.CD,1973485495.26529,2237541686.62932,2226485622.79297,..,..
Bolivia,BOL,GNI (current US$),NY.GNP.MKTP.CD,33320230244.2619,36448198128.4043,39315659922.3515,40100652560.1596,..
Bosnia and Herzegovina,BIH,GNI (current US$),NY.GNP.MKTP.CD,16935914258.2433,18014611616.9183,20125242607.1213,20015949859.7676,..
Botswana,BWA,GNI (current US$),NY.GNP.MKTP.CD,14376171705.8672,16122423768.2896,17247914519.6078,16960832436.1513,..
Brazil,BRA,GNI (current US$),NY.GNP.MKTP.CD,1757603662733.08,2024253642507.99,1832170775165.58,1790968502573.2,..
British Virgin Islands,VGB,GNI (current US$),NY.GNP.MKTP.CD,..,..,..,..,..
Brunei Darussalam,BRN,GNI (current US$),NY.GNP.MKTP.CD,12235956707.4495,12848520530.0891,13651197271.8511,13830513690.5489,..
Bulgaria,BGR,GNI (current US$),NY.GNP.MKTP.CD,52132139705.8824,57541632958.8015,66815490645.7453,66046102747.5673,..
Burkina Faso,BFA,GNI (current US$),NY.GNP.MKTP.CD,11997489882.1408,13640284571.5894,15718812530.4597,15326412066.6791,..
Burundi,BDI,GNI (current US$),NY.GNP.MKTP.CD,2958794875.00111,3167492069.36737,3043033462.71202,3019539459.42988,..
Cabo Verde,CPV,GNI (current US$),NY.GNP.MKTP.CD,1603727125.54181,1708731942.22494,1920635859.88755,1939454972.42505,..
Cambodia,KHM,GNI (current US$),NY.GNP.MKTP.CD,18788293249.7557,20800209502.6391,22915193840.1748,24751806260.7299,..
Cameroon,CMR,GNI (current US$),NY.GNP.MKTP.CD,32085147356.0155,34347942596.7185,37874934849.711,38004379504.7371,..
Canada,CAN,GNI (current US$),NY.GNP.MKTP.CD,1509573373337.67,1630711605822.9,1694106427700.7,1718553969420.26,..
Cayman Islands,CYM,GNI (current US$),NY.GNP.MKTP.CD,2940243249.72999,3084081363.25453,..,..,..
Central African Republic,CAF,GNI (current US$),NY.GNP.MKTP.CD,1847781813.23295,2177935775.13185,2386745257.73409,2386023521.66114,..
Chad,TCD,GNI (current US$),NY.GNP.MKTP.CD,9911697594.4878,9869508954.25817,11075017680.0106,11140998595.3498,..
Channel Islands,CHI,GNI (current US$),NY.GNP.MKTP.CD,..,..,..,..,..
Chile,CHL,GNI (current US$),NY.GNP.MKTP.CD,242625276470.643,265587352672.125,285431771514.039,270972766316.849,..
China,CHN,GNI (current US$),NY.GNP.MKTP.CD,11188325682895.6,12300722021660.7,13843520253929.9,14308059753343.8,..
Colombia,COL,GNI (current US$),NY.GNP.MKTP.CD,279762593446.953,306184599946.858,325127282623.984,313494118805.246,..
Comoros,COM,GNI (current US$),NY.GNP.MKTP.CD,1018190400.7207,1083389247.02739,1185350497.66578,1190473102.29232,..
"Congo, Dem. Rep.",COD,GNI (current US$),NY.GNP.MKTP.CD,36345365361.454,36945659017.8937,45549717037.8734,45878668084.3285,..
"Congo, Rep.",COG,GNI (current US$),NY.GNP.MKTP.CD,8383936972.58345,8190929339.14308,10317798051.8376,9639524381.68937,..
Costa Rica,CRI,GNI (current US$),NY.GNP.MKTP.CD,54676168525.5372,55569873365.0378,57266410097.535,58185840802.8952,..
Cote d'Ivoire,CIV,GNI (current US$),NY.GNP.MKTP.CD,46887633191.4514,50051967022.8553,55809155337.1927,56975603680.0811,..
Croatia,HRV,GNI (current US$),NY.GNP.MKTP.CD,50054363003.2324,54505858676.2885,60093816674.6297,59493019146.8479,..
Cuba,CUB,GNI (current US$),NY.GNP.MKTP.CD,90086000000,..,..,..,..
Curacao,CUW,GNI (current US$),NY.GNP.MKTP.CD,3105924804.46927,3143314022.34637,3163299106.14525,..,..
Cyprus,CYP,GNI (current US$),NY.GNP.MKTP.CD,20055640912.1098,21948565295.9783,24082921587.1516,23719355199.8209,..
Czech Republic,CZE,GNI (current US$),NY.GNP.MKTP.CD,182443584436.662,202641788703.675,231567017821.053,235411658254.205,..
Denmark,DNK,GNI (current US$),NY.GNP.MKTP.CD,320812594566.814,336415998769.023,364912764784.076,357272070315.537,..
Djibouti,DJI,GNI (current US$),NY.GNP.MKTP.CD,2745407258.60905,2874159682.64686,3113723864.50596,3451455289.219,..
Dominica,DMA,GNI (current US$),NY.GNP.MKTP.CD,561033481.481481,508221814.814815,552210814.814815,586830027.899804,..
Dominican Republic,DOM,GNI (current US$),NY.GNP.MKTP.CD,72451617086.0795,76204178958.8172,81710378598.263,84775094600.048,..
Ecuador,ECU,GNI (current US$),NY.GNP.MKTP.CD,98125287481.1454,101977714539.117,104732813610.346,104329594919.697,..
"Egypt, Arab Rep.",EGY,GNI (current US$),NY.GNP.MKTP.CD,328426011354.002,230776840790.081,244595990812.098,292150393581.389,..
El Salvador,SLV,GNI (current US$),NY.GNP.MKTP.CD,22945060000,23591580000,24647230000,25716490000,..
Equatorial Guinea,GNQ,GNI (current US$),NY.GNP.MKTP.CD,8709938548.16762,8983531883.80186,10026979628.0621,8329917010.86281,..
Eritrea,ERI,GNI (current US$),NY.GNP.MKTP.CD,..,..,..,..,..
Estonia,EST,GNI (current US$),NY.GNP.MKTP.CD,23457274329.6812,26221707595.7648,30170435339.2157,30737691484.3137,..
Eswatini,SWZ,GNI (current US$),NY.GNP.MKTP.CD,3635531685.92794,4185340308.08922,4314587988.73188,3867330972.51097,..
Ethiopia,ETH,GNI (current US$),NY.GNP.MKTP.CD,74053937524.5784,81285191646.1807,83892033920.3775,95640552203.2353,..
Faroe Islands,FRO,GNI (current US$),NY.GNP.MKTP.CD,..,..,..,..,..
Fiji,FJI,GNI (current US$),NY.GNP.MKTP.CD,4720961856.11305,5027118680.14902,5161041151.67194,5087113497.50046,..
Finland,FIN,GNI (current US$),NY.GNP.MKTP.CD,241827992343.241,255174643503.53,276861794323.921,268153326705.882,..
France,FRA,GNI (current US$),NY.GNP.MKTP.CD,2523562336756.09,2654458177281.18,2841459217403.92,2768039540329.41,..
French Polynesia,PYF,GNI (current US$),NY.GNP.MKTP.CD,..,..,..,..,..
Gabon,GAB,GNI (current US$),NY.GNP.MKTP.CD,12934875312.3494,13985729747.5427,15754972352.1527,15511134184.6295,..
"Gambia, The",GMB,GNI (current US$),NY.GNP.MKTP.CD,1442454490.04052,1469874440.70693,1595548405.82705,1733819047.69838,..
Georgia,GEO,GNI (current US$),NY.GNP.MKTP.CD,14440358558.3302,15447216935.6446,16915100074.9773,17039195770.1998,..
Germany,DEU,GNI (current US$),NY.GNP.MKTP.CD,3552144049181.61,3759608327004.71,4060012956890.98,3957758836674.5,..
Ghana,GHA,GNI (current US$),NY.GNP.MKTP.CD,53961581129.4695,57431697460.0621,64270236560.3123,65527306782.7153,..
Gibraltar,GIB,GNI (current US$),NY.GNP.MKTP.CD,..,..,..,..,..
Greece,GRC,GNI (current US$),NY.GNP.MKTP.CD,195229696549.68,203984164482.911,216983451801.173,209531689736.694,..
Greenland,GRL,GNI (current US$),NY.GNP.MKTP.CD,..,..,..,..,..
Grenada,GRD,GNI (current US$),NY.GNP.MKTP.CD,964566111.111111,1021180333.33333,1057492185.18519,1111581888.88889,..
Guam,GUM,GNI (current US$),NY.GNP.MKTP.CD,..,..,..,..,..
Guatemala,GTM,GNI (current US$),NY.GNP.MKTP.CD,64628417703.6211,70111244439.2388,71598354208.8254,75435385741.6165,..
Guinea,GIN,GNI (current US$),NY.GNP.MKTP.CD,8501447259.7726,10285634798.7593,11521116729.0778,12819281808.6928,..
Guinea-Bissau,GNB,GNI (current US$),NY.GNP.MKTP.CD,1207921291.13898,1349590591.11698,1456101700.89927,1437316650.98548,..
Guyana,GUY,GNI (current US$),NY.GNP.MKTP.CD,3458017764.16465,3472497981.1138,3779697255.44455,4192111266.61413,..
Haiti,HTI,GNI (current US$),NY.GNP.MKTP.CD,8013870466.93058,8463151134.23422,9711664520.89263,8445985279.22046,..
Honduras,HND,GNI (current US$),NY.GNP.MKTP.CD,20199365872.564,21720693035.7515,22129516297.3221,23180682163.3311,..
"Hong Kong SAR, China",HKG,GNI (current US$),NY.GNP.MKTP.CD,328901356556.691,356071446902.428,378892134974.804,384938552048.903,..
Hungary,HUN,GNI (current US$),NY.GNP.MKTP.CD,124251707969.736,135831808575.246,151555573100.1,155152617177.628,..
Iceland,ISL,GNI (current US$),NY.GNP.MKTP.CD,19826589745.4317,23965940755.6076,24925636305.7046,24634234577.5015,..
India,IND,GNI (current US$),NY.GNP.MKTP.CD,2247940124045.8,2624081509582.67,2684229691550.85,2843901748439.48,..
Indonesia,IDN,GNI (current US$),NY.GNP.MKTP.CD,902045435944.66,983437954653.327,1012284301329.66,1085708861715.21,..
"Iran, Islamic Rep.",IRN,GNI (current US$),NY.GNP.MKTP.CD,419284333019.695,446174038804.276,..,..,..
Iraq,IRQ,GNI (current US$),NY.GNP.MKTP.CD,173317776033.937,194029912142.47,222472897533.756,232981434767.597,..
Ireland,IRL,GNI (current US$),NY.GNP.MKTP.CD,245118251546.712,266554828563.262,300178583076.007,299746798489.909,..
Isle of Man,IMN,GNI (current US$),NY.GNP.MKTP.CD,5851664866.3246,6156099099.0991,..,..,..
Israel,ISR,GNI (current US$),NY.GNP.MKTP.CD,316054152746.556,349685190065.893,370780427735.242,394597233553.929,..
Italy,ITA,GNI (current US$),NY.GNP.MKTP.CD,1881183316245.41,1972528055562.71,2108430360768.94,2018377389676.86,..
Jamaica,JAM,GNI (current US$),NY.GNP.MKTP.CD,13480937738.5187,14369507623.5987,14997651192.8549,15814275191.4408,..
Japan,JPN,GNI (current US$),NY.GNP.MKTP.CD,5088186818824.57,5040348134891.63,5135478831382.8,5263537827203.43,..
Jordan,JOR,GNI (current US$),NY.GNP.MKTP.CD,38891605633.8028,40502605633.8028,42031859154.9296,43429154929.5775,..
Kazakhstan,KAZ,GNI (current US$),NY.GNP.MKTP.CD,123828020084.171,148657300595.704,157278694859.5,157872041180.173,..
Kenya,KEN,GNI (current US$),NY.GNP.MKTP.CD,68178433644.2558,77456412235.0739,86329358075.292,93578038042.9454,..
Kiribati,KIR,GNI (current US$),NY.GNP.MKTP.CD,317972792.149866,358337676.272226,363559473.998805,381647549.530761,..
"Korea, Dem. People’s Rep.",PRK,GNI (current US$),NY.GNP.MKTP.CD,..,..,..,..,..
"Korea, Rep.",KOR,GNI (current US$),NY.GNP.MKTP.CD,1505595667963.37,1630520867999.51,1725081962744.21,1657552896857.83,..
Kosovo,XKX,GNI (current US$),NY.GNP.MKTP.CD,6800974540.62431,7393009150.47447,8076834553.6136,8092812360.05374,..
Kuwait,KWT,GNI (current US$),NY.GNP.MKTP.CD,127560366434.955,140644722716.782,162552086423.841,..,..
Kyrgyz Republic,KGZ,GNI (current US$),NY.GNP.MKTP.CD,6455292065.83507,7331334800.12836,8020108638.39931,7836820043.1829,..
Lao PDR,LAO,GNI (current US$),NY.GNP.MKTP.CD,15126191460.7814,15963624217.7103,17115982079.8562,17745839128.2699,..
Latvia,LVA,GNI (current US$),NY.GNP.MKTP.CD,27663388541.8811,30134526672.9659,33833727885.7192,33655576046.2039,..
Lebanon,LBN,GNI (current US$),NY.GNP.MKTP.CD,50390308718.6733,52931408708.9221,54647253046.4345,53147042272.1725,..
Lesotho,LSO,GNI (current US$),NY.GNP.MKTP.CD,2442948001.16905,2722697145.66189,2926982265.02718,2805739140.99963,..
Liberia,LBR,GNI (current US$),NY.GNP.MKTP.CD,2996826000,2982565100,2827000000,2717591900,..
Libya,LBY,GNI (current US$),NY.GNP.MKTP.CD,26947934407.3648,39165350121.9687,53521075531.1355,53008382178.3594,..
Liechtenstein,LIE,GNI (current US$),NY.GNP.MKTP.CD,5985894053.17637,6814562811.00843,..,..,..
Lithuania,LTU,GNI (current US$),NY.GNP.MKTP.CD,41444522609.3663,45971471279.657,51738480116.0655,52517276522.0611,..
Luxembourg,LUX,GNI (current US$),NY.GNP.MKTP.CD,38640202045.2441,41383384601.4118,45178123345.2549,45471075813.8825,..
"Macao SAR, China",MAC,GNI (current US$),NY.GNP.MKTP.CD,42103188202.7742,46416683279.3421,50296785382.4714,..,..
Madagascar,MDG,GNI (current US$),NY.GNP.MKTP.CD,11431773568.4483,12816628748.5358,13454482444.187,13629105694.9908,..
Malawi,MWI,GNI (current US$),NY.GNP.MKTP.CD,5409917742.42399,6149831219.46842,6752507379.47563,7485079314.60928,..
Malaysia,MYS,GNI (current US$),NY.GNP.MKTP.CD,292916375382.687,309968840107.897,345797625833.313,354198262513.573,..
Maldives,MDV,GNI (current US$),NY.GNP.MKTP.CD,4026225703.39137,4361014674.26073,4835250527.43937,5199383521.95256,..
Mali,MLI,GNI (current US$),NY.GNP.MKTP.CD,13645465722.8194,14874787152.3783,16716066629.3996,17055251867.0103,..
Malta,MLT,GNI (current US$),NY.GNP.MKTP.CD,10488366355.5829,11605655633.2344,13378810698.0798,13503683046.7203,..
Marshall Islands,MHL,GNI (current US$),NY.GNP.MKTP.CD,262593500,273486100,282605100,..,..
Mauritania,MRT,GNI (current US$),NY.GNP.MKTP.CD,6282354756.77624,6661727465.74883,7010709749.84234,7502805384.45605,..
Mauritius,MUS,GNI (current US$),NY.GNP.MKTP.CD,13229765431.7861,14572668163.1256,15576435711.2547,15640351248.1148,..
Mexico,MEX,GNI (current US$),NY.GNP.MKTP.CD,1049495763096,1128748019179.46,1189362406530.76,1221111717124.52,..
"Micronesia, Fed. Sts.",FSM,GNI (current US$),NY.GNP.MKTP.CD,387000200,416554700,412197400,..,..
Moldova,MDA,GNI (current US$),NY.GNP.MKTP.CD,8517451158.91547,10227471036.2722,12015154004.559,..,..
Monaco,MCO,GNI (current US$),NY.GNP.MKTP.CD,..,..,..,..,..
Mongolia,MNG,GNI (current US$),NY.GNP.MKTP.CD,10265490041.8443,9817032346.85725,11765196058.85,12291294159.8955,..
Montenegro,MNE,GNI (current US$),NY.GNP.MKTP.CD,4414026012.84038,4957501807.50113,5571194969.29617,5513744178.23556,..
Morocco,MAR,GNI (current US$),NY.GNP.MKTP.CD,101325516186.592,107564279818.407,115442196439.416,116444549385.298,..
Mozambique,MOZ,GNI (current US$),NY.GNP.MKTP.CD,11678321882.7015,12825377149.7052,14421681032.3535,14573198611.2551,..
Myanmar,MMR,GNI (current US$),NY.GNP.MKTP.CD,65410767467.7237,66983369961.1547,73469331607.2079,73291843696.0737,..
Namibia,NAM,GNI (current US$),NY.GNP.MKTP.CD,10454878256.5539,12508089026.6817,13040377568.215,12018621141.4413,..
Nauru,NRU,GNI (current US$),NY.GNP.MKTP.CD,136118794.584365,153405234.180557,166343694.287265,174152481.762266,..
Nepal,NPL,GNI (current US$),NY.GNP.MKTP.CD,21505656256.2587,25472405093.5624,29390187717.44,30995614814.5088,..
Netherlands,NLD,GNI (current US$),NY.GNP.MKTP.CD,771941242573.397,840156317434.119,923173397494.901,912197087466.665,..
New Caledonia,NCL,GNI (current US$),NY.GNP.MKTP.CD,..,..,..,..,..
New Zealand,NZL,GNI (current US$),NY.GNP.MKTP.CD,181818920102.33,194715666384.43,196957867970.548,201059375772.05,..
Nicaragua,NIC,GNI (current US$),NY.GNP.MKTP.CD,12928949226.0927,13421542679.2542,12754272996.0828,12199505533.8356,..
Niger,NER,GNI (current US$),NY.GNP.MKTP.CD,10121505422.2375,10984510326.3343,12633927242.4285,12734879335.8057,..
Nigeria,NGA,GNI (current US$),NY.GNP.MKTP.CD,395950644516.987,364252940636.404,379791930165.884,433449464744,..
North Macedonia,MKD,GNI (current US$),NY.GNP.MKTP.CD,10247611860.7184,10859238382.3435,12097164800.9772,12193073394.0947,..
Northern Mariana Islands,MNP,GNI (current US$),NY.GNP.MKTP.CD,..,..,..,..,..
Norway,NOR,GNI (current US$),NY.GNP.MKTP.CD,387033382850.505,416065847269.796,452693759606.517,420117613636.364,..
Oman,OMN,GNI (current US$),NY.GNP.MKTP.CD,63626788036.4109,67692327698.3095,73995838751.6255,75745094928.4785,..
Pakistan,PAK,GNI (current US$),NY.GNP.MKTP.CD,295741186031.824,321203161201.008,331344006630.069,296935209818.723,..
Palau,PLW,GNI (current US$),NY.GNP.MKTP.CD,322939400,300815200,299361900,..,..
Panama,PAN,GNI (current US$),NY.GNP.MKTP.CD,53772069000,58459154300,60205907200,62397363600,..
Papua New Guinea,PNG,GNI (current US$),NY.GNP.MKTP.CD,20529201244.8133,22294230776.4676,22795232190.2013,24425677307.9384,..
Paraguay,PRY,GNI (current US$),NY.GNP.MKTP.CD,34607756722.583,37801511375.6596,39023558467.6126,36746946990.5215,..
Peru,PER,GNI (current US$),NY.GNP.MKTP.CD,183938549968.89,201299187241.221,211135824256.07,216265944865.61,..
Philippines,PHL,GNI (current US$),NY.GNP.MKTP.CD,354012678037.237,364718699003.68,383816940288.645,414269078672.234,..
Poland,POL,GNI (current US$),NY.GNP.MKTP.CD,452449781880.897,505088243854.682,562880914804.663,566087149033.703,..
Portugal,PRT,GNI (current US$),NY.GNP.MKTP.CD,201274909983.356,216161830459.115,235328684711.267,231998301041.113,..
Puerto Rico,PRI,GNI (current US$),NY.GNP.MKTP.CD,69985200000,69049500000,67824700000,70780500000,..
Qatar,QAT,GNI (current US$),NY.GNP.MKTP.CD,150622802197.802,166509065934.066,187616758241.758,179056593406.593,..
Romania,ROU,GNI (current US$),NY.GNP.MKTP.CD,185998264485.613,208689099888.957,237180768977.065,246656887845.395,..
Russian Federation,RUS,GNI (current US$),NY.GNP.MKTP.CD,1241288887928.73,1532144373063.34,1627790185031.14,1646524134176.38,..
Rwanda,RWA,GNI (current US$),NY.GNP.MKTP.CD,8523018374.68712,8944450023.18015,9315415673.70221,9797950633.40339,..
Samoa,WSM,GNI (current US$),NY.GNP.MKTP.CD,780776447.182155,805303809.749172,790491817.331671,813355017.220832,..
San Marino,SMR,GNI (current US$),NY.GNP.MKTP.CD,..,..,..,..,..
Sao Tome and Principe,STP,GNI (current US$),NY.GNP.MKTP.CD,348498115.030543,373932767.891229,424765084.887884,424834962.325278,..
Saudi Arabia,SAU,GNI (current US$),NY.GNP.MKTP.CD,660662314773.333,699284026666.667,793635283040,800937405891.872,..
Senegal,SEN,GNI (current US$),NY.GNP.MKTP.CD,18541836256.6942,20409362881.7165,22635049460.209,22962881781.8747,..
Serbia,SRB,GNI (current US$),NY.GNP.MKTP.CD,38393068560.7834,41226658644.4368,48021113717.88,48635632231.3814,..
Seychelles,SYC,GNI (current US$),NY.GNP.MKTP.CD,1317488326.00773,1411550057.79474,1511273272.74135,1644781862.70517,..
Sierra Leone,SLE,GNI (current US$),NY.GNP.MKTP.CD,3276983580.95652,3629620900.30429,3798493994.47027,3668435544.63639,..
Singapore,SGP,GNI (current US$),NY.GNP.MKTP.CD,298505682229.461,315918821058.73,337387677935.943,337725186922.739,..
Sint Maarten (Dutch part),SXM,GNI (current US$),NY.GNP.MKTP.CD,..,..,..,..,..
Slovak Republic,SVK,GNI (current US$),NY.GNP.MKTP.CD,87309394911.4045,93503430815.539,104120448645.451,103877561130.565,..
Slovenia,SVN,GNI (current US$),NY.GNP.MKTP.CD,43517811181.9569,47683085572.4354,53182538536.3451,52973110610.092,..
Solomon Islands,SLB,GNI (current US$),NY.GNP.MKTP.CD,1164644963.63957,1246535220.7318,1334787198.99403,1356078405.47962,..
Somalia,SOM,GNI (current US$),NY.GNP.MKTP.CD,..,..,..,..,..
South Africa,ZAF,GNI (current US$),NY.GNP.MKTP.CD,288167015664.092,339070750925.794,356648758113.632,341523075219.401,..
South Sudan,SSD,GNI (current US$),NY.GNP.MKTP.CD,..,..,..,..,..
Spain,ESP,GNI (current US$),NY.GNP.MKTP.CD,1235120146859.29,1312247821718.83,1422925003135.69,1396929550211.76,..
Sri Lanka,LKA,GNI (current US$),NY.GNP.MKTP.CD,80205348611.8104,85113502188.3101,86027826995.2464,81590532941.6392,..
St. Kitts and Nevis,KNA,GNI (current US$),NY.GNP.MKTP.CD,912501740.740741,947044185.185185,954786814.814815,992527703.703704,..
St. Lucia,LCA,GNI (current US$),NY.GNP.MKTP.CD,1750079925.92593,1891270111.11111,1941953407.40741,1997159259.25926,..
St. Martin (French part),MAF,GNI (current US$),NY.GNP.MKTP.CD,..,..,..,..,..
St. Vincent and the Grenadines,VCT,GNI (current US$),NY.GNP.MKTP.CD,769190037.037037,786548851.851852,803115148.148148,818793124.648481,..
Sudan,SDN,GNI (current US$),NY.GNP.MKTP.CD,50905732137.2501,43727817863.2913,24192654488.3045,18285707015.6843,..
Suriname,SUR,GNI (current US$),NY.GNP.MKTP.CD,2962593841.31266,2816036473.1493,3070610358.45896,3562110740.14481,..
Sweden,SWE,GNI (current US$),NY.GNP.MKTP.CD,518717393441.362,549761669025.493,565750201658.093,544935475438.412,..
Switzerland,CHE,GNI (current US$),NY.GNP.MKTP.CD,674973858370.401,687536802469.313,713007267898.746,716956555326.839,..
Syrian Arab Republic,SYR,GNI (current US$),NY.GNP.MKTP.CD,..,..,..,..,..
Tajikistan,TJK,GNI (current US$),NY.GNP.MKTP.CD,8117102033.0028,8373203223.50492,8748615635.10797,9447139511.45807,..
Tanzania,TZA,GNI (current US$),NY.GNP.MKTP.CD,48664287045.7575,52106608384.1336,56210529470.5679,61577915479.7476,..
Thailand,THA,GNI (current US$),NY.GNP.MKTP.CD,394012732176.653,435851124638.33,482005837165.972,523597540550.638,..
Timor-Leste,TLS,GNI (current US$),NY.GNP.MKTP.CD,2236032194.44991,2282434961.16916,2248579335.82853,2432020380,..
Togo,TGO,GNI (current US$),NY.GNP.MKTP.CD,4530584489.92045,4824944320.37722,5375788667.31539,5480673372.23571,..
Tonga,TON,GNI (current US$),NY.GNP.MKTP.CD,403646194.083694,436948699.389278,457179414.714195,..,..
Trinidad and Tobago,TTO,GNI (current US$),NY.GNP.MKTP.CD,21856562483.1309,22521849192.4183,23138759895.4333,23823584990.3025,..
Tunisia,TUN,GNI (current US$),NY.GNP.MKTP.CD,40574627560.5214,38538604612.7139,38421360837.2058,37390778353.3261,..
Turkey,TUR,GNI (current US$),NY.GNP.MKTP.CD,854541542432.37,841584680463.803,759425405103.14,741898665620.924,..
Turkmenistan,TKM,GNI (current US$),NY.GNP.MKTP.CD,35225885714.2857,36352285714.2857,39044183542.8571,..,..
Turks and Caicos Islands,TCA,GNI (current US$),NY.GNP.MKTP.CD,953114810,946059440,990529285.513031,..,..
Tuvalu,TUV,GNI (current US$),NY.GNP.MKTP.CD,55456437.7044306,58095263.6419375,64107890.0179319,65326451.1644074,..
Uganda,UGA,GNI (current US$),NY.GNP.MKTP.CD,28455385086.7147,30032761102.0888,31846380321.7522,33471286439.2026,..
Ukraine,UKR,GNI (current US$),NY.GNP.MKTP.CD,94832995601.0066,114769355767.279,134249857476.885,158534067156.499,..
United Arab Emirates,ARE,GNI (current US$),NY.GNP.MKTP.CD,359141729067.393,388382906446.44,423639141610.837,423200811164.335,..
United Kingdom,GBR,GNI (current US$),NY.GNP.MKTP.CD,2629567074529.95,2634441641460.85,2816805927384.43,2788384242983.84,..
United States,USA,GNI (current US$),NY.GNP.MKTP.CD,19045164000000,19830277000000,20837347000000,21624995750000,..
Uruguay,URY,GNI (current US$),NY.GNP.MKTP.CD,50093590963.6437,55987445146.5316,55472906965.9206,52721605686.0328,..
Uzbekistan,UZB,GNI (current US$),NY.GNP.MKTP.CD,82710512350.6877,60370825984.6048,51899655848.3278,58794690530.2877,..
Vanuatu,VUT,GNI (current US$),NY.GNP.MKTP.CD,802221710.071445,869173666.862053,914589381.882084,925962626.024806,..
"Venezuela, RB",VEN,GNI (current US$),NY.GNP.MKTP.CD,..,..,..,..,..
Vietnam,VNM,GNI (current US$),NY.GNP.MKTP.CD,196686612384.35,206916542706.113,228056835552.527,242273815289.321,..
Virgin Islands (U.S.),VIR,GNI (current US$),NY.GNP.MKTP.CD,..,..,..,..,..
West Bank and Gaza,PSE,GNI (current US$),NY.GNP.MKTP.CD,15321900000,16490000000,17009800000,..,..
"Yemen, Rep.",YEM,GNI (current US$),NY.GNP.MKTP.CD,28084676409.1858,24561327989.312,27578893242.2335,..,..
Zambia,ZMB,GNI (current US$),NY.GNP.MKTP.CD,20307658970.5797,24723431482.7459,26598250246.2206,22766675291.3247,..
Zimbabwe,ZWE,GNI (current US$),NY.GNP.MKTP.CD,18772952300,20079596800,22706648400,19835846600,..
,,,,,,,,
,,,,,,,,
,,,,,,,,
Data from database: World Development Indicators,,,,,,,,
Last Updated: 10/15/2020,,,,,,,,
