﻿Country Name,Country Code,Series Name,Series Code,2016 [YR2016],2017 [YR2017],2018 [YR2018],2019 [YR2019],2020 [YR2020]
Afghanistan,AFG,GNI per capita (constant 2010 US$),NY.GNP.PCAP.KD,..,..,..,..,..
Albania,ALB,GNI per capita (constant 2010 US$),NY.GNP.PCAP.KD,4755.02809217762,..,..,..,..
Algeria,DZA,GNI per capita (constant 2010 US$),NY.GNP.PCAP.KD,4771.51395547634,4696.37516341586,..,..,..
American Samoa,ASM,GNI per capita (constant 2010 US$),NY.GNP.PCAP.KD,..,..,..,..,..
Andorra,AND,GNI per capita (constant 2010 US$),NY.GNP.PCAP.KD,..,..,..,..,..
Angola,AGO,GNI per capita (constant 2010 US$),NY.GNP.PCAP.KD,3371.00238018326,3217.45762154241,2982.52033236599,..,..
Antigua and Barbuda,ATG,GNI per capita (constant 2010 US$),NY.GNP.PCAP.KD,..,..,..,..,..
Argentina,ARG,GNI per capita (constant 2010 US$),NY.GNP.PCAP.KD,10015.9209270776,10133.1544189931,9672.22357934133,9351.10346422882,..
Armenia,ARM,GNI per capita (constant 2010 US$),NY.GNP.PCAP.KD,4007.05994299523,4344.01719021101,4465.87943476496,4811.84057749837,..
Aruba,ABW,GNI per capita (constant 2010 US$),NY.GNP.PCAP.KD,..,..,..,..,..
Australia,AUS,GNI per capita (constant 2010 US$),NY.GNP.PCAP.KD,54461.441088243,54585.6934102,55099.6503911191,55169.7176017414,..
Austria,AUT,GNI per capita (constant 2010 US$),NY.GNP.PCAP.KD,48254.9712594208,48676.9045303364,49919.1205935696,..,..
Azerbaijan,AZE,GNI per capita (constant 2010 US$),NY.GNP.PCAP.KD,..,..,..,..,..
"Bahamas, The",BHS,GNI per capita (constant 2010 US$),NY.GNP.PCAP.KD,26312.8096570851,26259.0783762329,25661.8039656511,..,..
Bahrain,BHR,GNI per capita (constant 2010 US$),NY.GNP.PCAP.KD,21201.8204704919,20960.4371000943,20356.3712625623,..,..
Bangladesh,BGD,GNI per capita (constant 2010 US$),NY.GNP.PCAP.KD,1122.52451762162,1175.85230332776,1258.0882113236,1348.25610006744,..
Barbados,BRB,GNI per capita (constant 2010 US$),NY.GNP.PCAP.KD,..,..,..,..,..
Belarus,BLR,GNI per capita (constant 2010 US$),NY.GNP.PCAP.KD,5917.26581604198,6119.45062465082,6329.01262371608,6454.12687397538,..
Belgium,BEL,GNI per capita (constant 2010 US$),NY.GNP.PCAP.KD,46381.5934031077,47141.7155512918,47417.3542756285,..,..
Belize,BLZ,GNI per capita (constant 2010 US$),NY.GNP.PCAP.KD,3927.77670286002,3831.45940540918,3799.79552596931,3757.46850638246,..
Benin,BEN,GNI per capita (constant 2010 US$),NY.GNP.PCAP.KD,1124.80770003159,1153.71739686501,1198.86432785702,1246.96279049323,..
Bermuda,BMU,GNI per capita (constant 2010 US$),NY.GNP.PCAP.KD,..,..,..,..,..
Bhutan,BTN,GNI per capita (constant 2010 US$),NY.GNP.PCAP.KD,2718.45781664501,2807.87477261855,2850.02534350454,..,..
Bolivia,BOL,GNI per capita (constant 2010 US$),NY.GNP.PCAP.KD,2390.29843494481,2428.57096913471,2505.48085193904,2537.82470178789,..
Bosnia and Herzegovina,BIH,GNI per capita (constant 2010 US$),NY.GNP.PCAP.KD,5603.10576898773,5751.74544618675,6019.42547456108,6226.20506627335,..
Botswana,BWA,GNI per capita (constant 2010 US$),NY.GNP.PCAP.KD,7080.01380340986,7242.32345501008,7391.55469564292,7448.8785186452,..
Brazil,BRA,GNI per capita (constant 2010 US$),NY.GNP.PCAP.KD,10732.3157205454,10815.3311731168,10764.8497826123,10826.4316542889,..
British Virgin Islands,VGB,GNI per capita (constant 2010 US$),NY.GNP.PCAP.KD,..,..,..,..,..
Brunei Darussalam,BRN,GNI per capita (constant 2010 US$),NY.GNP.PCAP.KD,33747.0703854219,33526.8831452217,31636.4545880261,33187.6842965716,..
Bulgaria,BGR,GNI per capita (constant 2010 US$),NY.GNP.PCAP.KD,7754.80322615183,8143.32466137909,8749.80576757215,..,..
Burkina Faso,BFA,GNI per capita (constant 2010 US$),NY.GNP.PCAP.KD,..,..,..,..,..
Burundi,BDI,GNI per capita (constant 2010 US$),NY.GNP.PCAP.KD,219.919848433812,213.797273946736,211.314957280667,208.678619628378,..
Cabo Verde,CPV,GNI per capita (constant 2010 US$),NY.GNP.PCAP.KD,3405.77804923798,3494.33612896868,3651.81167621587,3824.01697266132,..
Cambodia,KHM,GNI per capita (constant 2010 US$),NY.GNP.PCAP.KD,1010.28011071886,1061.28972246036,1116.37040270756,1223.08991610399,..
Cameroon,CMR,GNI per capita (constant 2010 US$),NY.GNP.PCAP.KD,1443.91863885724,1453.39515187759,1469.66225403805,1492.37126173235,..
Canada,CAN,GNI per capita (constant 2010 US$),NY.GNP.PCAP.KD,49720.2458507217,50712.4628325163,50947.5612296152,51195.8406965512,..
Cayman Islands,CYM,GNI per capita (constant 2010 US$),NY.GNP.PCAP.KD,..,..,..,..,..
Central African Republic,CAF,GNI per capita (constant 2010 US$),NY.GNP.PCAP.KD,363.712706182519,386.360049819199,..,..,..
Chad,TCD,GNI per capita (constant 2010 US$),NY.GNP.PCAP.KD,856.064335875337,809.486254788797,802.699928094083,803.859943309665,..
Channel Islands,CHI,GNI per capita (constant 2010 US$),NY.GNP.PCAP.KD,..,..,..,..,..
Chile,CHL,GNI per capita (constant 2010 US$),NY.GNP.PCAP.KD,14356.0167352969,14157.9738624974,14492.9181155645,14517.4999957681,..
China,CHN,GNI per capita (constant 2010 US$),NY.GNP.PCAP.KD,6880.31505972425,7340.964522697,7778.36622941043,..,..
Colombia,COL,GNI per capita (constant 2010 US$),NY.GNP.PCAP.KD,7556.29137996502,7486.26313525275,7502.29942319362,7593.74764919491,..
Comoros,COM,GNI per capita (constant 2010 US$),NY.GNP.PCAP.KD,1374.27553509561,1395.08303448669,1411.47080412235,..,..
"Congo, Dem. Rep.",COD,GNI per capita (constant 2010 US$),NY.GNP.PCAP.KD,400.527411304999,397.015083397147,407.202105732348,409.605234872924,..
"Congo, Rep.",COG,GNI per capita (constant 2010 US$),NY.GNP.PCAP.KD,3529.73386811867,3229.00047691696,3061.2318397728,2973.77013518842,..
Costa Rica,CRI,GNI per capita (constant 2010 US$),NY.GNP.PCAP.KD,9082.06455867081,9274.74302711075,9382.34541250057,9441.04107021545,..
Cote d'Ivoire,CIV,GNI per capita (constant 2010 US$),NY.GNP.PCAP.KD,1495.20943284041,1552.98835187085,1612.34706664718,..,..
Croatia,HRV,GNI per capita (constant 2010 US$),NY.GNP.PCAP.KD,14261.9968511362,15121.7157266148,15667.6619971029,16198.1330362947,..
Cuba,CUB,GNI per capita (constant 2010 US$),NY.GNP.PCAP.KD,6453.72168724364,..,..,..,..
Curacao,CUW,GNI per capita (constant 2010 US$),NY.GNP.PCAP.KD,..,..,..,..,..
Cyprus,CYP,GNI per capita (constant 2010 US$),NY.GNP.PCAP.KD,28455.5675555805,29708.1016707688,30392.1815403116,30999.0408279573,..
Czech Republic,CZE,GNI per capita (constant 2010 US$),NY.GNP.PCAP.KD,20423.1912749485,21346.0790869814,22037.8134563322,..,..
Denmark,DNK,GNI per capita (constant 2010 US$),NY.GNP.PCAP.KD,63401.0329623226,64068.3179412025,65569.5900464818,..,..
Djibouti,DJI,GNI per capita (constant 2010 US$),NY.GNP.PCAP.KD,..,..,..,..,..
Dominica,DMA,GNI per capita (constant 2010 US$),NY.GNP.PCAP.KD,..,..,..,..,..
Dominican Republic,DOM,GNI per capita (constant 2010 US$),NY.GNP.PCAP.KD,6718.36655182965,6925.81673672418,7353.8246735606,7642.3864644845,..
Ecuador,ECU,GNI per capita (constant 2010 US$),NY.GNP.PCAP.KD,5083.80476251027,5090.0502596883,5043.62613755488,4948.59172001864,..
"Egypt, Arab Rep.",EGY,GNI per capita (constant 2010 US$),NY.GNP.PCAP.KD,2722.42278317594,2761.8042009245,2833.3250275202,..,..
El Salvador,SLV,GNI per capita (constant 2010 US$),NY.GNP.PCAP.KD,3203.71316342922,3246.65012796825,3310.15347501483,3399.00702005642,..
Equatorial Guinea,GNQ,GNI per capita (constant 2010 US$),NY.GNP.PCAP.KD,9986.49912952781,8537.20451414035,7659.23778886785,7169.43703989424,..
Eritrea,ERI,GNI per capita (constant 2010 US$),NY.GNP.PCAP.KD,..,..,..,..,..
Estonia,EST,GNI per capita (constant 2010 US$),NY.GNP.PCAP.KD,17652.7681248487,18622.5153794534,19539.0410952047,..,..
Eswatini,SWZ,GNI per capita (constant 2010 US$),NY.GNP.PCAP.KD,4400.27730437981,4422.55143944738,4338.92823833401,..,..
Ethiopia,ETH,GNI per capita (constant 2010 US$),NY.GNP.PCAP.KD,..,..,..,..,..
Faroe Islands,FRO,GNI per capita (constant 2010 US$),NY.GNP.PCAP.KD,..,..,..,..,..
Fiji,FJI,GNI per capita (constant 2010 US$),NY.GNP.PCAP.KD,..,..,..,..,..
Finland,FIN,GNI per capita (constant 2010 US$),NY.GNP.PCAP.KD,46993.06788285,48102.4516520912,48982.9341063146,49136.0805078104,..
France,FRA,GNI per capita (constant 2010 US$),NY.GNP.PCAP.KD,43043.1504864147,44047.1135391885,44705.8913721057,..,..
French Polynesia,PYF,GNI per capita (constant 2010 US$),NY.GNP.PCAP.KD,..,..,..,..,..
Gabon,GAB,GNI per capita (constant 2010 US$),NY.GNP.PCAP.KD,8996.65454140337,8927.17316716963,..,..,..
"Gambia, The",GMB,GNI per capita (constant 2010 US$),NY.GNP.PCAP.KD,731.280838250879,744.096101934691,770.524095923831,793.200452996531,..
Georgia,GEO,GNI per capita (constant 2010 US$),NY.GNP.PCAP.KD,4104.06564263876,4283.57402423822,4541.15207171426,..,..
Germany,DEU,GNI per capita (constant 2010 US$),NY.GNP.PCAP.KD,47103.03256042,48125.6406101482,48821.7132190952,..,..
Ghana,GHA,GNI per capita (constant 2010 US$),NY.GNP.PCAP.KD,1612.19742550671,1690.69336265661,..,..,..
Gibraltar,GIB,GNI per capita (constant 2010 US$),NY.GNP.PCAP.KD,..,..,..,..,..
Greece,GRC,GNI per capita (constant 2010 US$),NY.GNP.PCAP.KD,22659.1202258351,23089.5551259267,23414.0555801912,..,..
Greenland,GRL,GNI per capita (constant 2010 US$),NY.GNP.PCAP.KD,..,..,..,..,..
Grenada,GRD,GNI per capita (constant 2010 US$),NY.GNP.PCAP.KD,..,..,..,..,..
Guam,GUM,GNI per capita (constant 2010 US$),NY.GNP.PCAP.KD,..,..,..,..,..
Guatemala,GTM,GNI per capita (constant 2010 US$),NY.GNP.PCAP.KD,3171.87520562235,3217.09294890167,3268.91510052785,3355.7899530043,..
Guinea,GIN,GNI per capita (constant 2010 US$),NY.GNP.PCAP.KD,799.841105479181,864.636978278458,842.369143426045,863.38902662764,..
Guinea-Bissau,GNB,GNI per capita (constant 2010 US$),NY.GNP.PCAP.KD,611.880063055143,615.970967246461,621.100519900994,637.32408342724,..
Guyana,GUY,GNI per capita (constant 2010 US$),NY.GNP.PCAP.KD,3743.5011515322,3764.05382367524,3890.3632929089,..,..
Haiti,HTI,GNI per capita (constant 2010 US$),NY.GNP.PCAP.KD,734.522313299779,734.208241419137,734.685091211389,706.86269952467,..
Honduras,HND,GNI per capita (constant 2010 US$),NY.GNP.PCAP.KD,1961.47056082734,2039.94386886956,2047.54081951709,2073.83605881975,..
"Hong Kong SAR, China",HKG,GNI per capita (constant 2010 US$),NY.GNP.PCAP.KD,37752.7630585933,39587.2897309726,40559.9760431071,39926.4472867898,..
Hungary,HUN,GNI per capita (constant 2010 US$),NY.GNP.PCAP.KD,14733.1521315052,15183.7084748234,15985.1158211418,..,..
Iceland,ISL,GNI per capita (constant 2010 US$),NY.GNP.PCAP.KD,..,..,..,..,..
India,IND,GNI per capita (constant 2010 US$),NY.GNP.PCAP.KD,1837.82484306343,1965.28639025104,2064.22285535122,2145.85390373811,..
Indonesia,IDN,GNI per capita (constant 2010 US$),NY.GNP.PCAP.KD,3845.92474223073,3993.70671044376,4164.34209960423,4321.7345197008,..
"Iran, Islamic Rep.",IRN,GNI per capita (constant 2010 US$),NY.GNP.PCAP.KD,6807.60355817248,6959.2287770282,..,..,..
Iraq,IRQ,GNI per capita (constant 2010 US$),NY.GNP.PCAP.KD,..,..,..,..,..
Ireland,IRL,GNI per capita (constant 2010 US$),NY.GNP.PCAP.KD,54055.0127590518,56462.4782309594,59847.4501846806,..,..
Isle of Man,IMN,GNI per capita (constant 2010 US$),NY.GNP.PCAP.KD,..,..,..,..,..
Israel,ISR,GNI per capita (constant 2010 US$),NY.GNP.PCAP.KD,33389.1465367499,33871.5561248997,34745.0195229909,..,..
Italy,ITA,GNI per capita (constant 2010 US$),NY.GNP.PCAP.KD,34558.5407673224,35278.8233506605,35819.3155148726,35919.6486549367,..
Jamaica,JAM,GNI per capita (constant 2010 US$),NY.GNP.PCAP.KD,4558.9842747866,4641.40712625886,4632.18473350578,..,..
Japan,JPN,GNI per capita (constant 2010 US$),NY.GNP.PCAP.KD,49010.0811135,50240.5429454715,50535.342062034,..,..
Jordan,JOR,GNI per capita (constant 2010 US$),NY.GNP.PCAP.KD,3246.45237096473,3246.75461441479,3251.83552531042,..,..
Kazakhstan,KAZ,GNI per capita (constant 2010 US$),NY.GNP.PCAP.KD,9650.20558388936,9717.20970776673,9723.30992648528,10024.0108406422,..
Kenya,KEN,GNI per capita (constant 2010 US$),NY.GNP.PCAP.KD,1113.18776047637,1134.44095517687,1181.87421086136,1212.96422475079,..
Kiribati,KIR,GNI per capita (constant 2010 US$),NY.GNP.PCAP.KD,3259.94074032247,3487.55261703091,3440.58380690726,..,..
"Korea, Dem. People’s Rep.",PRK,GNI per capita (constant 2010 US$),NY.GNP.PCAP.KD,..,..,..,..,..
"Korea, Rep.",KOR,GNI per capita (constant 2010 US$),NY.GNP.PCAP.KD,26824.5879849526,27606.5071107227,28165.4894666582,28864.1868315498,..
Kosovo,XKX,GNI per capita (constant 2010 US$),NY.GNP.PCAP.KD,4050.439715959,4228.11483536688,4357.13104518178,4566.86211787502,..
Kuwait,KWT,GNI per capita (constant 2010 US$),NY.GNP.PCAP.KD,39989.5096305096,37677.4673425368,37727.0955682222,..,..
Kyrgyz Republic,KGZ,GNI per capita (constant 2010 US$),NY.GNP.PCAP.KD,987.04235565685,1017.55759991818,1054.90254141705,1030.51384069985,..
Lao PDR,LAO,GNI per capita (constant 2010 US$),NY.GNP.PCAP.KD,1546.57353568493,..,..,..,..
Latvia,LVA,GNI per capita (constant 2010 US$),NY.GNP.PCAP.KD,14697.4812546408,15357.833361661,15927.272731536,..,..
Lebanon,LBN,GNI per capita (constant 2010 US$),NY.GNP.PCAP.KD,6298.73794987991,6343.12622343942,6174.90495362694,5830.77154344201,..
Lesotho,LSO,GNI per capita (constant 2010 US$),NY.GNP.PCAP.KD,1616.76663335504,1588.20301434987,1572.36486112902,1588.32291792282,..
Liberia,LBR,GNI per capita (constant 2010 US$),NY.GNP.PCAP.KD,500.003813158573,497.306358671167,476.875470729121,..,..
Libya,LBY,GNI per capita (constant 2010 US$),NY.GNP.PCAP.KD,..,..,..,..,..
Liechtenstein,LIE,GNI per capita (constant 2010 US$),NY.GNP.PCAP.KD,..,..,..,..,..
Lithuania,LTU,GNI per capita (constant 2010 US$),NY.GNP.PCAP.KD,15352.0567516836,16217.9810369322,17066.3519360562,..,..
Luxembourg,LUX,GNI per capita (constant 2010 US$),NY.GNP.PCAP.KD,69131.2652628439,69597.2805840401,69338.6393569392,..,..
"Macao SAR, China",MAC,GNI per capita (constant 2010 US$),NY.GNP.PCAP.KD,47937.2299254052,51153.2308958087,53047.0734811607,..,..
Madagascar,MDG,GNI per capita (constant 2010 US$),NY.GNP.PCAP.KD,457.429716484639,467.668461605749,476.170429374211,484.391490729022,..
Malawi,MWI,GNI per capita (constant 2010 US$),NY.GNP.PCAP.KD,503.861297779316,497.37095571463,500.191814207857,508.372940765094,..
Malaysia,MYS,GNI per capita (constant 2010 US$),NY.GNP.PCAP.KD,10938.8302549706,11401.6766158092,11692.3172307429,12122.3096343678,..
Maldives,MDV,GNI per capita (constant 2010 US$),NY.GNP.PCAP.KD,..,..,..,..,..
Mali,MLI,GNI per capita (constant 2010 US$),NY.GNP.PCAP.KD,728.740390099529,741.919079043488,758.774310672836,773.895519717907,..
Malta,MLT,GNI per capita (constant 2010 US$),NY.GNP.PCAP.KD,24526.6699810933,25206.0757386445,26273.7440429318,26353.9822471122,..
Marshall Islands,MHL,GNI per capita (constant 2010 US$),NY.GNP.PCAP.KD,3876.72163190612,3942.21780643582,4017.38033768606,..,..
Mauritania,MRT,GNI per capita (constant 2010 US$),NY.GNP.PCAP.KD,1677.08662910355,1693.66102628934,1697.16018176199,1737.65331898711,..
Mauritius,MUS,GNI per capita (constant 2010 US$),NY.GNP.PCAP.KD,10494.4603791997,11023.3525305239,11431.5001737266,..,..
Mexico,MEX,GNI per capita (constant 2010 US$),NY.GNP.PCAP.KD,9942.05447464915,10045.5176097658,10137.1974051535,9972.45850357865,..
"Micronesia, Fed. Sts.",FSM,GNI per capita (constant 2010 US$),NY.GNP.PCAP.KD,..,..,..,..,..
Moldova,MDA,GNI per capita (constant 2010 US$),NY.GNP.PCAP.KD,3298.08432336433,3521.77220166479,3706.82573103387,..,..
Monaco,MCO,GNI per capita (constant 2010 US$),NY.GNP.PCAP.KD,..,..,..,..,..
Mongolia,MNG,GNI per capita (constant 2010 US$),NY.GNP.PCAP.KD,3540.26633418242,3399.43272243219,3764.58131760456,3791.01787091191,..
Montenegro,MNE,GNI per capita (constant 2010 US$),NY.GNP.PCAP.KD,7568.93172192276,8038.12993473793,8363.91237327076,8585.58988188592,..
Morocco,MAR,GNI per capita (constant 2010 US$),NY.GNP.PCAP.KD,3150.06718604659,3239.65811944683,3289.41090231342,3328.90245212156,..
Mozambique,MOZ,GNI per capita (constant 2010 US$),NY.GNP.PCAP.KD,571.131833872679,569.918916269415,578.720495058405,572.196601606131,..
Myanmar,MMR,GNI per capita (constant 2010 US$),NY.GNP.PCAP.KD,1365.73327140218,1441.40192814974,1518.57526617595,..,..
Namibia,NAM,GNI per capita (constant 2010 US$),NY.GNP.PCAP.KD,6006.6031295046,5884.41114990789,5736.40193651448,5580.52122391144,..
Nauru,NRU,GNI per capita (constant 2010 US$),NY.GNP.PCAP.KD,..,..,..,..,..
Nepal,NPL,GNI per capita (constant 2010 US$),NY.GNP.PCAP.KD,741.301531279584,789.041206678437,824.420007195201,869.948467744109,..
Netherlands,NLD,GNI per capita (constant 2010 US$),NY.GNP.PCAP.KD,51946.5842537145,54348.7718732416,55565.6955675613,..,..
New Caledonia,NCL,GNI per capita (constant 2010 US$),NY.GNP.PCAP.KD,..,..,..,..,..
New Zealand,NZL,GNI per capita (constant 2010 US$),NY.GNP.PCAP.KD,36088.9511839367,36208.4002461074,37338.0246695771,..,..
Nicaragua,NIC,GNI per capita (constant 2010 US$),NY.GNP.PCAP.KD,1841.447807133,1903.47800337788,1812.14595202614,..,..
Niger,NER,GNI per capita (constant 2010 US$),NY.GNP.PCAP.KD,518.21599232001,523.410464079074,539.781409369961,550.034788627062,..
Nigeria,NGA,GNI per capita (constant 2010 US$),NY.GNP.PCAP.KD,2414.9833995973,2354.66768824304,2306.61697359762,..,..
North Macedonia,MKD,GNI per capita (constant 2010 US$),NY.GNP.PCAP.KD,5024.04064635333,5076.44132212597,5200.74540214768,5400.06058734774,..
Northern Mariana Islands,MNP,GNI per capita (constant 2010 US$),NY.GNP.PCAP.KD,..,..,..,..,..
Norway,NOR,GNI per capita (constant 2010 US$),NY.GNP.PCAP.KD,93958.6287068254,95345.2441767592,95995.000407379,..,..
Oman,OMN,GNI per capita (constant 2010 US$),NY.GNP.PCAP.KD,15833.4318569488,15090.9528250614,14391.3813039573,..,..
Pakistan,PAK,GNI per capita (constant 2010 US$),NY.GNP.PCAP.KD,1186.05618463282,1218.88220332695,1262.01352963354,1265.38196614352,..
Palau,PLW,GNI per capita (constant 2010 US$),NY.GNP.PCAP.KD,13716.6232899131,12836.1991600156,13013.0089636292,..,..
Panama,PAN,GNI per capita (constant 2010 US$),NY.GNP.PCAP.KD,10270.9000646142,10806.9952042464,..,..,..
Papua New Guinea,PNG,GNI per capita (constant 2010 US$),NY.GNP.PCAP.KD,..,..,..,..,..
Paraguay,PRY,GNI per capita (constant 2010 US$),NY.GNP.PCAP.KD,4887.62279931246,5112.35481701079,5202.51763023749,5120.48731017598,..
Peru,PER,GNI per capita (constant 2010 US$),NY.GNP.PCAP.KD,6014.1633917712,6030.12845611551,6143.36745098178,6192.45166624014,..
Philippines,PHL,GNI per capita (constant 2010 US$),NY.GNP.PCAP.KD,3199.86066177594,3368.95648252243,3517.53885403406,3653.31624302928,..
Poland,POL,GNI per capita (constant 2010 US$),NY.GNP.PCAP.KD,14465.8228232197,15194.1057082198,15995.97615529,16606.4979537013,..
Portugal,PRT,GNI per capita (constant 2010 US$),NY.GNP.PCAP.KD,21970.3722679932,22817.2163988293,23429.0526249051,23987.670752139,..
Puerto Rico,PRI,GNI per capita (constant 2010 US$),NY.GNP.PCAP.KD,18459.4972951053,18242.9608106467,17955.1783867159,..,..
Qatar,QAT,GNI per capita (constant 2010 US$),NY.GNP.PCAP.KD,62978.4736998347,62518.7624138576,..,..,..
Romania,ROU,GNI per capita (constant 2010 US$),NY.GNP.PCAP.KD,10096.2125491115,10865.5542822133,11358.3243588118,11956.6354046162,..
Russian Federation,RUS,GNI per capita (constant 2010 US$),NY.GNP.PCAP.KD,11064.9669049462,11259.3085934117,11548.7291706943,11635.5592536997,..
Rwanda,RWA,GNI per capita (constant 2010 US$),NY.GNP.PCAP.KD,773.348839082562,775.718577683621,821.043606781025,875.648359338971,..
Samoa,WSM,GNI per capita (constant 2010 US$),NY.GNP.PCAP.KD,..,..,..,..,..
San Marino,SMR,GNI per capita (constant 2010 US$),NY.GNP.PCAP.KD,..,..,..,..,..
Sao Tome and Principe,STP,GNI per capita (constant 2010 US$),NY.GNP.PCAP.KD,..,..,..,..,..
Saudi Arabia,SAU,GNI per capita (constant 2010 US$),NY.GNP.PCAP.KD,21684.1252633842,20968.8045440861,20990.5417378307,20729.3278530072,..
Senegal,SEN,GNI per capita (constant 2010 US$),NY.GNP.PCAP.KD,1392.52411068228,1451.55488352501,1505.62827740763,1542.48373933193,..
Serbia,SRB,GNI per capita (constant 2010 US$),NY.GNP.PCAP.KD,6039.90494424556,6126.71147019849,6532.01141504476,6817.42196442772,..
Seychelles,SYC,GNI per capita (constant 2010 US$),NY.GNP.PCAP.KD,..,..,..,..,..
Sierra Leone,SLE,GNI per capita (constant 2010 US$),NY.GNP.PCAP.KD,408.12514925481,452.27350655043,..,..,..
Singapore,SGP,GNI per capita (constant 2010 US$),NY.GNP.PCAP.KD,51530.1750197435,52894.6058077506,53113.6921503326,53147.4909188702,..
Sint Maarten (Dutch part),SXM,GNI per capita (constant 2010 US$),NY.GNP.PCAP.KD,..,..,..,..,..
Slovak Republic,SVK,GNI per capita (constant 2010 US$),NY.GNP.PCAP.KD,18926.5822301565,19433.9453958605,..,..,..
Slovenia,SVN,GNI per capita (constant 2010 US$),NY.GNP.PCAP.KD,23924.6378155219,25254.3098504577,26261.733043749,..,..
Solomon Islands,SLB,GNI per capita (constant 2010 US$),NY.GNP.PCAP.KD,..,..,..,..,..
Somalia,SOM,GNI per capita (constant 2010 US$),NY.GNP.PCAP.KD,..,..,..,..,..
South Africa,ZAF,GNI per capita (constant 2010 US$),NY.GNP.PCAP.KD,7267.13367636013,7247.0402141805,7193.75873602371,7133.41184290419,..
South Sudan,SSD,GNI per capita (constant 2010 US$),NY.GNP.PCAP.KD,..,..,..,..,..
Spain,ESP,GNI per capita (constant 2010 US$),NY.GNP.PCAP.KD,31530.8028159964,32279.2891919336,32974.8035228976,..,..
Sri Lanka,LKA,GNI per capita (constant 2010 US$),NY.GNP.PCAP.KD,3663.56643648333,3752.296941178,3833.39665360554,3892.09237549918,..
St. Kitts and Nevis,KNA,GNI per capita (constant 2010 US$),NY.GNP.PCAP.KD,..,..,..,..,..
St. Lucia,LCA,GNI per capita (constant 2010 US$),NY.GNP.PCAP.KD,..,..,..,..,..
St. Martin (French part),MAF,GNI per capita (constant 2010 US$),NY.GNP.PCAP.KD,..,..,..,..,..
St. Vincent and the Grenadines,VCT,GNI per capita (constant 2010 US$),NY.GNP.PCAP.KD,..,..,..,..,..
Sudan,SDN,GNI per capita (constant 2010 US$),NY.GNP.PCAP.KD,1841.4749554612,1840.68702852774,1697.35923129169,1676.41626640792,..
Suriname,SUR,GNI per capita (constant 2010 US$),NY.GNP.PCAP.KD,..,..,..,..,..
Sweden,SWE,GNI per capita (constant 2010 US$),NY.GNP.PCAP.KD,57057.6227602264,58383.4052792973,58850.0212473337,59381.8866542343,..
Switzerland,CHE,GNI per capita (constant 2010 US$),NY.GNP.PCAP.KD,..,..,..,..,..
Syrian Arab Republic,SYR,GNI per capita (constant 2010 US$),NY.GNP.PCAP.KD,..,..,..,..,..
Tajikistan,TJK,GNI per capita (constant 2010 US$),NY.GNP.PCAP.KD,..,..,..,..,..
Tanzania,TZA,GNI per capita (constant 2010 US$),NY.GNP.PCAP.KD,883.631862206369,915.394957084603,..,..,..
Thailand,THA,GNI per capita (constant 2010 US$),NY.GNP.PCAP.KD,5638.42275952547,5857.5843575189,6055.45659403921,6259.28050248676,..
Timor-Leste,TLS,GNI per capita (constant 2010 US$),NY.GNP.PCAP.KD,1420.01804280453,1407.54380555359,1373.07162898902,..,..
Togo,TGO,GNI per capita (constant 2010 US$),NY.GNP.PCAP.KD,656.055219729495,661.921328674328,679.533820352756,698.656867619591,..
Tonga,TON,GNI per capita (constant 2010 US$),NY.GNP.PCAP.KD,..,..,..,..,..
Trinidad and Tobago,TTO,GNI per capita (constant 2010 US$),NY.GNP.PCAP.KD,..,..,..,..,..
Tunisia,TUN,GNI per capita (constant 2010 US$),NY.GNP.PCAP.KD,..,..,..,..,..
Turkey,TUR,GNI per capita (constant 2010 US$),NY.GNP.PCAP.KD,13913.856244539,14685.6314466158,14841.882758819,14754.9352388208,..
Turkmenistan,TKM,GNI per capita (constant 2010 US$),NY.GNP.PCAP.KD,..,..,..,..,..
Turks and Caicos Islands,TCA,GNI per capita (constant 2010 US$),NY.GNP.PCAP.KD,..,..,..,..,..
Tuvalu,TUV,GNI per capita (constant 2010 US$),NY.GNP.PCAP.KD,..,..,..,..,..
Uganda,UGA,GNI per capita (constant 2010 US$),NY.GNP.PCAP.KD,893.290178920079,888.694427982334,904.362053893243,931.343478114074,..
Ukraine,UKR,GNI per capita (constant 2010 US$),NY.GNP.PCAP.KD,2946.36604343832,3056.36632589881,3185.54564645981,3326.14420819896,..
United Arab Emirates,ARE,GNI per capita (constant 2010 US$),NY.GNP.PCAP.KD,41269.6991152397,41754.8471316923,41463.3573099254,41628.0819269526,..
United Kingdom,GBR,GNI per capita (constant 2010 US$),NY.GNP.PCAP.KD,41476.9228757337,42498.5392538368,42741.4513823613,..,..
United States,USA,GNI per capita (constant 2010 US$),NY.GNP.PCAP.KD,52964.3327887057,53842.3153676227,55160.374034186,..,..
Uruguay,URY,GNI per capita (constant 2010 US$),NY.GNP.PCAP.KD,13413.7702463688,13556.9357415986,13580.962362609,..,..
Uzbekistan,UZB,GNI per capita (constant 2010 US$),NY.GNP.PCAP.KD,..,..,..,..,..
Vanuatu,VUT,GNI per capita (constant 2010 US$),NY.GNP.PCAP.KD,..,..,..,..,..
"Venezuela, RB",VEN,GNI per capita (constant 2010 US$),NY.GNP.PCAP.KD,..,..,..,..,..
Vietnam,VNM,GNI per capita (constant 2010 US$),NY.GNP.PCAP.KD,1675.55871513055,1704.45497268123,1816.33215726649,1914.71184584572,..
Virgin Islands (U.S.),VIR,GNI per capita (constant 2010 US$),NY.GNP.PCAP.KD,..,..,..,..,..
West Bank and Gaza,PSE,GNI per capita (constant 2010 US$),NY.GNP.PCAP.KD,3078.69090400481,3096.92141834384,3114.194336636,..,..
"Yemen, Rep.",YEM,GNI per capita (constant 2010 US$),NY.GNP.PCAP.KD,..,..,..,..,..
Zambia,ZMB,GNI per capita (constant 2010 US$),NY.GNP.PCAP.KD,..,..,..,..,..
Zimbabwe,ZWE,GNI per capita (constant 2010 US$),NY.GNP.PCAP.KD,1111.65654480038,1143.7165711985,1219.68778415831,..,..
,,,,,,,,
,,,,,,,,
,,,,,,,,
Data from database: World Development Indicators,,,,,,,,
Last Updated: 10/15/2020,,,,,,,,
