﻿Country Name,Country Code,Series Name,Series Code,2016 [YR2016],2017 [YR2017],2018 [YR2018],2019 [YR2019],2020 [YR2020]
Afghanistan,AFG,"Official exchange rate (LCU per US$, period average)",PA.NUS.FCRF,67.8660857692308,68.0269040822312,72.083247177304,77.7379491783367,..
Albania,ALB,"Official exchange rate (LCU per US$, period average)",PA.NUS.FCRF,124.1425,119.1,107.989166666667,109.850833333333,..
Algeria,DZA,"Official exchange rate (LCU per US$, period average)",PA.NUS.FCRF,109.443066666667,110.973016666667,116.593791666667,119.353558333333,..
American Samoa,ASM,"Official exchange rate (LCU per US$, period average)",PA.NUS.FCRF,..,..,..,..,..
Andorra,AND,"Official exchange rate (LCU per US$, period average)",PA.NUS.FCRF,..,..,..,..,..
Angola,AGO,"Official exchange rate (LCU per US$, period average)",PA.NUS.FCRF,163.656434116579,165.915950691498,252.855747731297,364.825804980887,..
Antigua and Barbuda,ATG,"Official exchange rate (LCU per US$, period average)",PA.NUS.FCRF,2.7,2.7,2.7,2.7,..
Argentina,ARG,"Official exchange rate (LCU per US$, period average)",PA.NUS.FCRF,14.7581750873396,16.5627069251411,28.0949916666667,48.1478916666667,..
Armenia,ARM,"Official exchange rate (LCU per US$, period average)",PA.NUS.FCRF,480.488150777966,482.716393849129,482.987946590235,480.445128767119,..
Aruba,ABW,"Official exchange rate (LCU per US$, period average)",PA.NUS.FCRF,1.79,1.79,1.79,1.79,..
Australia,AUS,"Official exchange rate (LCU per US$, period average)",PA.NUS.FCRF,1.34521397601947,1.30475807671592,1.33841214646451,1.43850654421382,..
Austria,AUT,"Official exchange rate (LCU per US$, period average)",PA.NUS.FCRF,..,..,..,..,..
Azerbaijan,AZE,"Official exchange rate (LCU per US$, period average)",PA.NUS.FCRF,1.59572157270424,1.72115480222734,1.70001666666667,1.7,..
"Bahamas, The",BHS,"Official exchange rate (LCU per US$, period average)",PA.NUS.FCRF,1,1,1,1,..
Bahrain,BHR,"Official exchange rate (LCU per US$, period average)",PA.NUS.FCRF,0.376,0.376,0.376,0.376,..
Bangladesh,BGD,"Official exchange rate (LCU per US$, period average)",PA.NUS.FCRF,78.4680916666667,80.4375416666667,83.4662019166667,84.4535225,..
Barbados,BRB,"Official exchange rate (LCU per US$, period average)",PA.NUS.FCRF,2,2,2,2,..
Belarus,BLR,"Official exchange rate (LCU per US$, period average)",PA.NUS.FCRF,1.98956283333333,1.93234166666667,2.03760833333333,2.09178333333333,..
Belgium,BEL,"Official exchange rate (LCU per US$, period average)",PA.NUS.FCRF,..,..,..,..,..
Belize,BLZ,"Official exchange rate (LCU per US$, period average)",PA.NUS.FCRF,2,2,2,2,..
Benin,BEN,"Official exchange rate (LCU per US$, period average)",PA.NUS.FCRF,592.605615063022,580.656749587858,555.446458398226,585.950813757156,..
Bermuda,BMU,"Official exchange rate (LCU per US$, period average)",PA.NUS.FCRF,1,1,1,1,..
Bhutan,BTN,"Official exchange rate (LCU per US$, period average)",PA.NUS.FCRF,67.1953128073894,65.121568645066,68.3894670935421,70.4203405359551,..
Bolivia,BOL,"Official exchange rate (LCU per US$, period average)",PA.NUS.FCRF,6.91,6.91,6.91,6.91,..
Bosnia and Herzegovina,BIH,"Official exchange rate (LCU per US$, period average)",PA.NUS.FCRF,1.76813902429915,1.73535271327691,1.65698544113543,1.74708646136073,..
Botswana,BWA,"Official exchange rate (LCU per US$, period average)",PA.NUS.FCRF,10.9011583333333,10.3474166666667,10.199975,10.7558666666667,..
Brazil,BRA,"Official exchange rate (LCU per US$, period average)",PA.NUS.FCRF,3.49131342157271,3.19138944630048,3.65382536145755,3.9444710972507,..
British Virgin Islands,VGB,"Official exchange rate (LCU per US$, period average)",PA.NUS.FCRF,..,..,..,..,..
Brunei Darussalam,BRN,"Official exchange rate (LCU per US$, period average)",PA.NUS.FCRF,1.38134687688286,1.38089116405281,1.34891856542537,1.36421851405475,..
Bulgaria,BGR,"Official exchange rate (LCU per US$, period average)",PA.NUS.FCRF,1.76804166666667,1.73545833333333,1.65704166666667,1.74704166666667,..
Burkina Faso,BFA,"Official exchange rate (LCU per US$, period average)",PA.NUS.FCRF,592.605615063022,580.656749587858,555.446458398226,585.911013180369,..
Burundi,BDI,"Official exchange rate (LCU per US$, period average)",PA.NUS.FCRF,1654.62666666667,1729.055,1782.876875,1845.62289069697,..
Cabo Verde,CPV,"Official exchange rate (LCU per US$, period average)",PA.NUS.FCRF,99.6881136363636,97.8069377715121,93.4135789085279,98.4951785878976,..
Cambodia,KHM,"Official exchange rate (LCU per US$, period average)",PA.NUS.FCRF,4058.69457885305,4050.5799859191,4051.16690028162,4061.14896313364,..
Cameroon,CMR,"Official exchange rate (LCU per US$, period average)",PA.NUS.FCRF,592.605615063022,580.656749587858,555.446458398226,585.911013180369,..
Canada,CAN,"Official exchange rate (LCU per US$, period average)",PA.NUS.FCRF,1.3256151637482,1.29793584646039,1.29581792813534,1.32679336266012,..
Cayman Islands,CYM,"Official exchange rate (LCU per US$, period average)",PA.NUS.FCRF,0.83333,0.83333,0.83333,0.83333,..
Central African Republic,CAF,"Official exchange rate (LCU per US$, period average)",PA.NUS.FCRF,592.605615063022,580.656749587858,555.446458398226,585.911013180369,..
Chad,TCD,"Official exchange rate (LCU per US$, period average)",PA.NUS.FCRF,592.605615063022,580.656749587858,555.446458398226,585.911013180369,..
Channel Islands,CHI,"Official exchange rate (LCU per US$, period average)",PA.NUS.FCRF,..,..,..,..,..
Chile,CHL,"Official exchange rate (LCU per US$, period average)",PA.NUS.FCRF,676.957736044657,648.833792598261,641.276813066395,702.897422561529,..
China,CHN,"Official exchange rate (LCU per US$, period average)",PA.NUS.FCRF,6.6444778294468,6.75875508633597,6.61595717735439,6.90838500992901,..
Colombia,COL,"Official exchange rate (LCU per US$, period average)",PA.NUS.FCRF,3054.12167321081,2951.3274023476,2955.70396997842,3280.83163119763,..
Comoros,COM,"Official exchange rate (LCU per US$, period average)",PA.NUS.FCRF,444.454211297266,435.492562190893,416.584843798669,439.463110317867,..
"Congo, Dem. Rep.",COD,"Official exchange rate (LCU per US$, period average)",PA.NUS.FCRF,1010.30275716866,1464.41793163743,1622.52350162292,1647.76012727639,..
"Congo, Rep.",COG,"Official exchange rate (LCU per US$, period average)",PA.NUS.FCRF,592.605615063022,580.656749587858,555.446458398226,585.911013180369,..
Costa Rica,CRI,"Official exchange rate (LCU per US$, period average)",PA.NUS.FCRF,544.73936722902,567.51309030978,576.97250124808,587.294595686124,..
Cote d'Ivoire,CIV,"Official exchange rate (LCU per US$, period average)",PA.NUS.FCRF,592.605615063022,580.656749587858,555.446458398226,585.911013180369,..
Croatia,HRV,"Official exchange rate (LCU per US$, period average)",PA.NUS.FCRF,6.80599016666667,6.623831,6.27902525,6.62254516666667,..
Cuba,CUB,"Official exchange rate (LCU per US$, period average)",PA.NUS.FCRF,..,..,..,..,..
Curacao,CUW,"Official exchange rate (LCU per US$, period average)",PA.NUS.FCRF,1.79,1.79,1.79,1.79,..
Cyprus,CYP,"Official exchange rate (LCU per US$, period average)",PA.NUS.FCRF,..,..,..,..,..
Czech Republic,CZE,"Official exchange rate (LCU per US$, period average)",PA.NUS.FCRF,24.4399166666667,23.3763333333333,21.7299166666667,22.93225,..
Denmark,DNK,"Official exchange rate (LCU per US$, period average)",PA.NUS.FCRF,6.73171825724638,6.60289346561404,6.31461878666667,6.669446615,..
Djibouti,DJI,"Official exchange rate (LCU per US$, period average)",PA.NUS.FCRF,177.72,177.72,177.72,177.72,..
Dominica,DMA,"Official exchange rate (LCU per US$, period average)",PA.NUS.FCRF,2.7,2.7,2.7,2.7,..
Dominican Republic,DOM,"Official exchange rate (LCU per US$, period average)",PA.NUS.FCRF,46.0644439393939,47.5343581962482,49.5099928571429,51.2948583333333,..
Ecuador,ECU,"Official exchange rate (LCU per US$, period average)",PA.NUS.FCRF,1,1,1,1,..
"Egypt, Arab Rep.",EGY,"Official exchange rate (LCU per US$, period average)",PA.NUS.FCRF,10.0254007885465,17.7825335150636,17.7672904218107,16.7705818428763,..
El Salvador,SLV,"Official exchange rate (LCU per US$, period average)",PA.NUS.FCRF,1,1,1,1,..
Equatorial Guinea,GNQ,"Official exchange rate (LCU per US$, period average)",PA.NUS.FCRF,592.605615063022,580.656749587858,555.446458398226,585.911013180369,..
Eritrea,ERI,"Official exchange rate (LCU per US$, period average)",PA.NUS.FCRF,15.35,15.075,15.075,15.075,..
Estonia,EST,"Official exchange rate (LCU per US$, period average)",PA.NUS.FCRF,..,..,..,..,..
Eswatini,SWZ,"Official exchange rate (LCU per US$, period average)",PA.NUS.FCRF,14.7096108855267,13.3238014244992,13.2339264715833,14.4517892288824,..
Ethiopia,ETH,"Official exchange rate (LCU per US$, period average)",PA.NUS.FCRF,21.7315472222222,23.8661044574125,27.4293865941667,29.06975,..
Faroe Islands,FRO,"Official exchange rate (LCU per US$, period average)",PA.NUS.FCRF,6.73171825724638,..,..,..,..
Fiji,FJI,"Official exchange rate (LCU per US$, period average)",PA.NUS.FCRF,2.09469593918508,2.06687530381454,2.08737978924997,2.16039311531464,..
Finland,FIN,"Official exchange rate (LCU per US$, period average)",PA.NUS.FCRF,..,..,..,..,..
France,FRA,"Official exchange rate (LCU per US$, period average)",PA.NUS.FCRF,..,..,..,..,..
French Polynesia,PYF,"Official exchange rate (LCU per US$, period average)",PA.NUS.FCRF,107.806815805024,105.633078151149,101.046821879543,106.588933804405,..
Gabon,GAB,"Official exchange rate (LCU per US$, period average)",PA.NUS.FCRF,592.605615063022,580.656749587858,555.446458398226,585.911013180369,..
"Gambia, The",GMB,"Official exchange rate (LCU per US$, period average)",PA.NUS.FCRF,43.3725276731819,46.6089094621101,48.1517806379073,50.0624613684222,..
Georgia,GEO,"Official exchange rate (LCU per US$, period average)",PA.NUS.FCRF,2.366725,2.50954166666667,2.53411083333333,2.818145,..
Germany,DEU,"Official exchange rate (LCU per US$, period average)",PA.NUS.FCRF,..,..,..,..,..
Ghana,GHA,"Official exchange rate (LCU per US$, period average)",PA.NUS.FCRF,3.90981666666667,4.35053333333333,4.585325,5.21736666666667,..
Gibraltar,GIB,"Official exchange rate (LCU per US$, period average)",PA.NUS.FCRF,0.740634463697084,0.776976682344123,0.749531540259847,0.783445110011929,..
Greece,GRC,"Official exchange rate (LCU per US$, period average)",PA.NUS.FCRF,..,..,..,..,..
Greenland,GRL,"Official exchange rate (LCU per US$, period average)",PA.NUS.FCRF,6.73171825724638,..,..,..,..
Grenada,GRD,"Official exchange rate (LCU per US$, period average)",PA.NUS.FCRF,2.7,2.7,2.7,2.7,..
Guam,GUM,"Official exchange rate (LCU per US$, period average)",PA.NUS.FCRF,..,..,..,..,..
Guatemala,GTM,"Official exchange rate (LCU per US$, period average)",PA.NUS.FCRF,7.59993708333333,7.34793875,7.51916458333333,7.69669833333333,..
Guinea,GIN,"Official exchange rate (LCU per US$, period average)",PA.NUS.FCRF,8967.92707958333,9088.31949623166,9011.13417725194,9183.87586390984,..
Guinea-Bissau,GNB,"Official exchange rate (LCU per US$, period average)",PA.NUS.FCRF,592.605615063022,580.656749587858,555.446458398226,585.911013180369,..
Guyana,GUY,"Official exchange rate (LCU per US$, period average)",PA.NUS.FCRF,206.5,206.5,207.716666666667,208.5,..
Haiti,HTI,"Official exchange rate (LCU per US$, period average)",PA.NUS.FCRF,63.3358183698924,64.7696802849928,68.0317539812812,88.8149661769193,..
Honduras,HND,"Official exchange rate (LCU per US$, period average)",PA.NUS.FCRF,22.835018390426,23.4870839434552,23.9027282925432,24.5085389148926,..
"Hong Kong SAR, China",HKG,"Official exchange rate (LCU per US$, period average)",PA.NUS.FCRF,7.76225,7.79325,7.8385,7.83591666666667,..
Hungary,HUN,"Official exchange rate (LCU per US$, period average)",PA.NUS.FCRF,281.523333333333,274.433333333333,270.211666666667,290.66,..
Iceland,ISL,"Official exchange rate (LCU per US$, period average)",PA.NUS.FCRF,120.811548065239,106.839572014,108.300176306626,122.606773601907,..
India,IND,"Official exchange rate (LCU per US$, period average)",PA.NUS.FCRF,67.1953128073894,65.121568645066,68.3894670935421,70.4203405359551,..
Indonesia,IDN,"Official exchange rate (LCU per US$, period average)",PA.NUS.FCRF,13308.3268020542,13380.8338788891,14236.9387734818,14147.6713605454,..
"Iran, Islamic Rep.",IRN,"Official exchange rate (LCU per US$, period average)",PA.NUS.FCRF,30914.8524362967,33226.2981524127,40864.329009777,42000,..
Iraq,IRQ,"Official exchange rate (LCU per US$, period average)",PA.NUS.FCRF,1182,1184,1182.75,1182,..
Ireland,IRL,"Official exchange rate (LCU per US$, period average)",PA.NUS.FCRF,..,..,..,..,..
Isle of Man,IMN,"Official exchange rate (LCU per US$, period average)",PA.NUS.FCRF,0.740634463697084,0.776976682344123,0.749531540259847,0.783445110011929,..
Israel,ISR,"Official exchange rate (LCU per US$, period average)",PA.NUS.FCRF,3.84056666666667,3.59955554812834,3.59055812689938,3.56452734661093,..
Italy,ITA,"Official exchange rate (LCU per US$, period average)",PA.NUS.FCRF,..,..,..,..,..
Jamaica,JAM,"Official exchange rate (LCU per US$, period average)",PA.NUS.FCRF,125.095034603174,127.964544179198,128.87151906466,133.31211833796,..
Japan,JPN,"Official exchange rate (LCU per US$, period average)",PA.NUS.FCRF,108.792900046834,112.166141081871,110.42317934106,109.009665900863,..
Jordan,JOR,"Official exchange rate (LCU per US$, period average)",PA.NUS.FCRF,0.71,0.71,0.71,0.71,..
Kazakhstan,KAZ,"Official exchange rate (LCU per US$, period average)",PA.NUS.FCRF,342.16,326.001022727273,344.705833333333,382.747310606061,..
Kenya,KEN,"Official exchange rate (LCU per US$, period average)",PA.NUS.FCRF,101.504166666667,103.41044618568,101.301574049018,101.99129838935,..
Kiribati,KIR,"Official exchange rate (LCU per US$, period average)",PA.NUS.FCRF,1.34521397601947,1.30475807671592,1.33841214646451,1.43850654421382,..
"Korea, Dem. People’s Rep.",PRK,"Official exchange rate (LCU per US$, period average)",PA.NUS.FCRF,..,..,..,..,..
"Korea, Rep.",KOR,"Official exchange rate (LCU per US$, period average)",PA.NUS.FCRF,1160.43343500797,1130.42462125,1100.5,1165.3575,..
Kosovo,XKX,"Official exchange rate (LCU per US$, period average)",PA.NUS.FCRF,0.903421436257288,0.88520550826938,0.846772667108096,0.893215581479226,..
Kuwait,KWT,"Official exchange rate (LCU per US$, period average)",PA.NUS.FCRF,0.302137441178496,0.303349758333333,0.301956493524177,0.303611163035755,..
Kyrgyz Republic,KGZ,"Official exchange rate (LCU per US$, period average)",PA.NUS.FCRF,69.9140658252997,68.866667859063,68.840320327701,69.7893491807476,..
Lao PDR,LAO,"Official exchange rate (LCU per US$, period average)",PA.NUS.FCRF,8124.36675616228,8244.84318921019,8401.33476613966,8679.40909309671,..
Latvia,LVA,"Official exchange rate (LCU per US$, period average)",PA.NUS.FCRF,..,..,..,..,..
Lebanon,LBN,"Official exchange rate (LCU per US$, period average)",PA.NUS.FCRF,1507.5,1507.5,1507.5,1507.5,..
Lesotho,LSO,"Official exchange rate (LCU per US$, period average)",PA.NUS.FCRF,14.7096108855267,13.3238014244992,13.2339264715833,14.4484270548333,..
Liberia,LBR,"Official exchange rate (LCU per US$, period average)",PA.NUS.FCRF,94.4272435897436,112.706666666667,144.055575801282,186.429744551072,..
Libya,LBY,"Official exchange rate (LCU per US$, period average)",PA.NUS.FCRF,1.39036867889833,1.3938200108235,1.36496666666667,1.39826289736928,..
Liechtenstein,LIE,"Official exchange rate (LCU per US$, period average)",PA.NUS.FCRF,..,..,..,..,..
Lithuania,LTU,"Official exchange rate (LCU per US$, period average)",PA.NUS.FCRF,..,..,..,..,..
Luxembourg,LUX,"Official exchange rate (LCU per US$, period average)",PA.NUS.FCRF,..,..,..,..,..
"Macao SAR, China",MAC,"Official exchange rate (LCU per US$, period average)",PA.NUS.FCRF,7.99506425,8.026001,8.07250741666667,8.07047033333333,..
Madagascar,MDG,"Official exchange rate (LCU per US$, period average)",PA.NUS.FCRF,3176.53916666667,3116.11,3334.75225490196,3618.32185816072,..
Malawi,MWI,"Official exchange rate (LCU per US$, period average)",PA.NUS.FCRF,718.005,730.2725,732.333333333333,745.540667877372,..
Malaysia,MYS,"Official exchange rate (LCU per US$, period average)",PA.NUS.FCRF,4.14830066287879,4.30044087761124,4.03513013706806,4.14246973569731,..
Maldives,MDV,"Official exchange rate (LCU per US$, period average)",PA.NUS.FCRF,15.3684076818158,15.3869685099847,15.3908372695853,15.3820419226831,..
Mali,MLI,"Official exchange rate (LCU per US$, period average)",PA.NUS.FCRF,592.605615063022,580.656749587858,555.446458398226,585.911013180369,..
Malta,MLT,"Official exchange rate (LCU per US$, period average)",PA.NUS.FCRF,..,..,..,..,..
Marshall Islands,MHL,"Official exchange rate (LCU per US$, period average)",PA.NUS.FCRF,..,..,..,..,..
Mauritania,MRT,"Official exchange rate (LCU per US$, period average)",PA.NUS.FCRF,35.2370833333333,35.7944166666667,35.6775,36.6908333333333,..
Mauritius,MUS,"Official exchange rate (LCU per US$, period average)",PA.NUS.FCRF,35.5418833333333,34.4814083333333,33.93445,35.4735166666667,..
Mexico,MEX,"Official exchange rate (LCU per US$, period average)",PA.NUS.FCRF,18.6640583333333,18.9265166666667,19.2443416666667,19.2636333333333,..
"Micronesia, Fed. Sts.",FSM,"Official exchange rate (LCU per US$, period average)",PA.NUS.FCRF,1,1,1,1,..
Moldova,MDA,"Official exchange rate (LCU per US$, period average)",PA.NUS.FCRF,19.923827563342,18.4990348873528,16.8020517223502,17.5734688664875,..
Monaco,MCO,"Official exchange rate (LCU per US$, period average)",PA.NUS.FCRF,..,..,..,..,..
Mongolia,MNG,"Official exchange rate (LCU per US$, period average)",PA.NUS.FCRF,2140.29086406116,2439.77720111244,2472.48405114235,2663.54139820163,..
Montenegro,MNE,"Official exchange rate (LCU per US$, period average)",PA.NUS.FCRF,0.903421436257288,0.88520550826938,0.846772667108096,0.893215581479226,..
Morocco,MAR,"Official exchange rate (LCU per US$, period average)",PA.NUS.FCRF,9.8074760315025,9.6919978888289,9.38610242091972,9.61707609950744,..
Mozambique,MOZ,"Official exchange rate (LCU per US$, period average)",PA.NUS.FCRF,63.0562327310371,63.584322913399,60.3262076432022,62.5483333333333,..
Myanmar,MMR,"Official exchange rate (LCU per US$, period average)",PA.NUS.FCRF,1234.86951666667,1360.35870704085,1429.80797520107,1518.25511666667,..
Namibia,NAM,"Official exchange rate (LCU per US$, period average)",PA.NUS.FCRF,14.7087666666667,13.3129,13.2339416666667,14.4486904166667,..
Nauru,NRU,"Official exchange rate (LCU per US$, period average)",PA.NUS.FCRF,1.34521397601947,1.30475807671592,1.33841214646451,1.43850654421382,..
Nepal,NPL,"Official exchange rate (LCU per US$, period average)",PA.NUS.FCRF,107.383815174654,104.511885242863,108.930134109273,112.609482758621,..
Netherlands,NLD,"Official exchange rate (LCU per US$, period average)",PA.NUS.FCRF,..,..,..,..,..
New Caledonia,NCL,"Official exchange rate (LCU per US$, period average)",PA.NUS.FCRF,107.806815805024,105.633078151149,101.046821879543,106.588933804405,..
New Zealand,NZL,"Official exchange rate (LCU per US$, period average)",PA.NUS.FCRF,1.436525,1.40740833333333,1.44525833333333,1.517875,..
Nicaragua,NIC,"Official exchange rate (LCU per US$, period average)",PA.NUS.FCRF,28.6209624101587,30.0509413442878,31.5532123338754,33.121745265284,..
Niger,NER,"Official exchange rate (LCU per US$, period average)",PA.NUS.FCRF,592.605615063022,580.656749587858,555.446458398226,585.911013180369,..
Nigeria,NGA,"Official exchange rate (LCU per US$, period average)",PA.NUS.FCRF,253.492,305.790109160005,306.083688245234,306.920951495223,..
North Macedonia,MKD,"Official exchange rate (LCU per US$, period average)",PA.NUS.FCRF,55.731725,54.6654583333333,52.1071083333333,54.9472,..
Northern Mariana Islands,MNP,"Official exchange rate (LCU per US$, period average)",PA.NUS.FCRF,..,..,..,..,..
Norway,NOR,"Official exchange rate (LCU per US$, period average)",PA.NUS.FCRF,8.4,8.27166666666667,8.1325,8.8,..
Oman,OMN,"Official exchange rate (LCU per US$, period average)",PA.NUS.FCRF,0.3845,0.3845,0.3845,0.3845,..
Pakistan,PAK,"Official exchange rate (LCU per US$, period average)",PA.NUS.FCRF,104.769117033301,105.455162087938,121.824068875756,150.036253839864,..
Palau,PLW,"Official exchange rate (LCU per US$, period average)",PA.NUS.FCRF,1,1,1,1,..
Panama,PAN,"Official exchange rate (LCU per US$, period average)",PA.NUS.FCRF,1,1,1,1,..
Papua New Guinea,PNG,"Official exchange rate (LCU per US$, period average)",PA.NUS.FCRF,3.13302930185604,3.18878838289617,3.2934630812508,3.38753768145423,..
Paraguay,PRY,"Official exchange rate (LCU per US$, period average)",PA.NUS.FCRF,5670.54089799784,5618.9334516428,5732.10455572912,6240.72207844257,..
Peru,PER,"Official exchange rate (LCU per US$, period average)",PA.NUS.FCRF,3.37506158720665,3.2604884908321,3.28660269803296,3.3372655465368,..
Philippines,PHL,"Official exchange rate (LCU per US$, period average)",PA.NUS.FCRF,47.4924638585099,50.4037197937177,52.6614299539683,51.7957826517333,..
Poland,POL,"Official exchange rate (LCU per US$, period average)",PA.NUS.FCRF,3.94278333333333,3.77933333333333,3.61171666666667,3.839375,..
Portugal,PRT,"Official exchange rate (LCU per US$, period average)",PA.NUS.FCRF,..,..,..,..,..
Puerto Rico,PRI,"Official exchange rate (LCU per US$, period average)",PA.NUS.FCRF,..,..,..,..,..
Qatar,QAT,"Official exchange rate (LCU per US$, period average)",PA.NUS.FCRF,3.64,3.64,3.64,3.64,..
Romania,ROU,"Official exchange rate (LCU per US$, period average)",PA.NUS.FCRF,4.05918333333333,4.05249166666667,3.94161666666667,4.237925,..
Russian Federation,RUS,"Official exchange rate (LCU per US$, period average)",PA.NUS.FCRF,67.0559333333333,58.3428011851719,62.6681333333333,64.7376583333333,..
Rwanda,RWA,"Official exchange rate (LCU per US$, period average)",PA.NUS.FCRF,787.25152175,831.55433975,861.093412166667,899.350509,..
Samoa,WSM,"Official exchange rate (LCU per US$, period average)",PA.NUS.FCRF,2.56492967258212,2.55437711641037,2.58727995057261,2.64882632186605,..
San Marino,SMR,"Official exchange rate (LCU per US$, period average)",PA.NUS.FCRF,0.903421436257288,0.88520550826938,0.846772667108096,0.893215581479226,..
Sao Tome and Principe,STP,"Official exchange rate (LCU per US$, period average)",PA.NUS.FCRF,22.1488606347838,21.7411383607116,20.7508592370914,21.8847418164689,..
Saudi Arabia,SAU,"Official exchange rate (LCU per US$, period average)",PA.NUS.FCRF,3.75,3.75,3.75,3.75,..
Senegal,SEN,"Official exchange rate (LCU per US$, period average)",PA.NUS.FCRF,592.605615063022,580.656749587858,555.446458398226,585.911013180369,..
Serbia,SRB,"Official exchange rate (LCU per US$, period average)",PA.NUS.FCRF,111.27785,107.75885,100.175075,105.249558333333,..
Seychelles,SYC,"Official exchange rate (LCU per US$, period average)",PA.NUS.FCRF,13.3191166666667,13.6478416666667,13.9111166666667,14.03325,..
Sierra Leone,SLE,"Official exchange rate (LCU per US$, period average)",PA.NUS.FCRF,6290.29741495228,7384.43222248692,7931.63174973728,9010.22114400915,..
Singapore,SGP,"Official exchange rate (LCU per US$, period average)",PA.NUS.FCRF,1.38154636363636,1.380925,1.34884166666667,1.36415833333333,..
Sint Maarten (Dutch part),SXM,"Official exchange rate (LCU per US$, period average)",PA.NUS.FCRF,1.79,1.79,1.79,1.79,..
Slovak Republic,SVK,"Official exchange rate (LCU per US$, period average)",PA.NUS.FCRF,..,..,..,..,..
Slovenia,SVN,"Official exchange rate (LCU per US$, period average)",PA.NUS.FCRF,..,..,..,..,..
Solomon Islands,SLB,"Official exchange rate (LCU per US$, period average)",PA.NUS.FCRF,7.94815293778867,7.88739036909183,7.95250486131003,8.17339929777839,..
Somalia,SOM,"Official exchange rate (LCU per US$, period average)",PA.NUS.FCRF,23061.7843138651,23097.9873219373,..,..,..
South Africa,ZAF,"Official exchange rate (LCU per US$, period average)",PA.NUS.FCRF,14.7096108855267,13.3238014244992,13.2339264715833,14.4484270548333,..
South Sudan,SSD,"Official exchange rate (LCU per US$, period average)",PA.NUS.FCRF,46.7291666666667,113.6475,141.385833333333,157.999166666667,..
Spain,ESP,"Official exchange rate (LCU per US$, period average)",PA.NUS.FCRF,..,..,..,..,..
Sri Lanka,LKA,"Official exchange rate (LCU per US$, period average)",PA.NUS.FCRF,145.581667492026,152.446413948767,162.464858736778,178.744925045848,..
St. Kitts and Nevis,KNA,"Official exchange rate (LCU per US$, period average)",PA.NUS.FCRF,2.7,2.7,2.7,2.7,..
St. Lucia,LCA,"Official exchange rate (LCU per US$, period average)",PA.NUS.FCRF,2.7,2.7,2.7,2.7,..
St. Martin (French part),MAF,"Official exchange rate (LCU per US$, period average)",PA.NUS.FCRF,..,..,..,..,..
St. Vincent and the Grenadines,VCT,"Official exchange rate (LCU per US$, period average)",PA.NUS.FCRF,2.7,2.7,2.7,2.7,..
Sudan,SDN,"Official exchange rate (LCU per US$, period average)",PA.NUS.FCRF,6.21171364583333,6.68336,24.3289109018116,..,..
Suriname,SUR,"Official exchange rate (LCU per US$, period average)",PA.NUS.FCRF,6.22863027848979,7.487661125,7.4625111984127,7.458,..
Sweden,SWE,"Official exchange rate (LCU per US$, period average)",PA.NUS.FCRF,8.56199166666667,8.54886083333333,8.69251833333333,9.45834916666666,..
Switzerland,CHE,"Official exchange rate (LCU per US$, period average)",PA.NUS.FCRF,0.985394394244834,0.984691666666667,0.977883333333333,0.993775,..
Syrian Arab Republic,SYR,"Official exchange rate (LCU per US$, period average)",PA.NUS.FCRF,460.275833333333,492.610833333333,..,..,..
Tajikistan,TJK,"Official exchange rate (LCU per US$, period average)",PA.NUS.FCRF,7.835675,8.54974166666667,9.15121666666667,9.53036666666667,..
Tanzania,TZA,"Official exchange rate (LCU per US$, period average)",PA.NUS.FCRF,2177.08666666667,2228.85666666667,2263.78166666667,2288.20666666667,..
Thailand,THA,"Official exchange rate (LCU per US$, period average)",PA.NUS.FCRF,35.2963833333333,33.9398110566858,32.3102257431458,31.0476057805499,..
Timor-Leste,TLS,"Official exchange rate (LCU per US$, period average)",PA.NUS.FCRF,1,1,1,1,..
Togo,TGO,"Official exchange rate (LCU per US$, period average)",PA.NUS.FCRF,592.605615063022,580.656749587858,555.446458398226,585.911013180369,..
Tonga,TON,"Official exchange rate (LCU per US$, period average)",PA.NUS.FCRF,2.21566110422528,2.2059726971784,2.23657147594223,2.28948563032632,..
Trinidad and Tobago,TTO,"Official exchange rate (LCU per US$, period average)",PA.NUS.FCRF,6.66896666666667,6.779525,6.77075089824606,6.7543266828632,..
Tunisia,TUN,"Official exchange rate (LCU per US$, period average)",PA.NUS.FCRF,2.14803333333333,2.419425,2.64686666666667,2.93443333333333,..
Turkey,TUR,"Official exchange rate (LCU per US$, period average)",PA.NUS.FCRF,3.02013474808043,3.64813263536866,4.82837014720942,5.67381930843574,..
Turkmenistan,TKM,"Official exchange rate (LCU per US$, period average)",PA.NUS.FCRF,..,..,..,..,..
Turks and Caicos Islands,TCA,"Official exchange rate (LCU per US$, period average)",PA.NUS.FCRF,..,..,..,..,..
Tuvalu,TUV,"Official exchange rate (LCU per US$, period average)",PA.NUS.FCRF,..,..,..,..,..
Uganda,UGA,"Official exchange rate (LCU per US$, period average)",PA.NUS.FCRF,3420.09800724736,3611.22445804461,3727.06899484612,3704.04907169681,..
Ukraine,UKR,"Official exchange rate (LCU per US$, period average)",PA.NUS.FCRF,25.5513341166667,26.5966063,27.2004923333333,25.8455893333333,..
United Arab Emirates,ARE,"Official exchange rate (LCU per US$, period average)",PA.NUS.FCRF,3.6725,3.6725,3.6725,3.6725,..
United Kingdom,GBR,"Official exchange rate (LCU per US$, period average)",PA.NUS.FCRF,0.740634463697084,0.776976682344123,0.749531540259847,0.783445110011929,..
United States,USA,"Official exchange rate (LCU per US$, period average)",PA.NUS.FCRF,1,1,1,1,..
Uruguay,URY,"Official exchange rate (LCU per US$, period average)",PA.NUS.FCRF,30.1626,28.6764,30.7252583333333,35.255375,..
Uzbekistan,UZB,"Official exchange rate (LCU per US$, period average)",PA.NUS.FCRF,2965.25349937684,5113.87894595717,8069.60623655914,8836.7875,..
Vanuatu,VUT,"Official exchange rate (LCU per US$, period average)",PA.NUS.FCRF,108.475,107.820833333333,110.168333333333,114.253333333333,..
"Venezuela, RB",VEN,"Official exchange rate (LCU per US$, period average)",PA.NUS.FCRF,9.25734444444167,9.975,..,..,..
Vietnam,VNM,"Official exchange rate (LCU per US$, period average)",PA.NUS.FCRF,21935.0008333333,22370.0866666667,22602.05,23050.2416666667,..
Virgin Islands (U.S.),VIR,"Official exchange rate (LCU per US$, period average)",PA.NUS.FCRF,..,..,..,..,..
West Bank and Gaza,PSE,"Official exchange rate (LCU per US$, period average)",PA.NUS.FCRF,..,..,..,..,..
"Yemen, Rep.",YEM,"Official exchange rate (LCU per US$, period average)",PA.NUS.FCRF,241.269682539682,250.25,250.25,250.25,..
Zambia,ZMB,"Official exchange rate (LCU per US$, period average)",PA.NUS.FCRF,10.3075,9.5175,10.4583333333333,12.89,..
Zimbabwe,ZWE,"Official exchange rate (LCU per US$, period average)",PA.NUS.FCRF,..,..,..,..,..
,,,,,,,,
,,,,,,,,
,,,,,,,,
Data from database: World Development Indicators,,,,,,,,
Last Updated: 10/15/2020,,,,,,,,
